id,domain,status,purchase_price,renewal_price,attractiveness,demand,length,registrar,created_at,expires_at,status_verified_at
15e5f9eb-e22e-4ded-8f0d-7064999ed443,fashion.black,premium,500.5,,high,medium,7,unstoppable,,,28/09/2026 16:44
0da5160d-9f9d-475c-8118-ec3f923687cc,fashion.store,premium,2587.7,10350.2,high,medium,7,spaceship,,,28/09/2026 16:44
1236159a-d884-4e95-b4ed-5ea56ad1c77b,clothing.style,resell,,,high,low,8,"Sav.com, LLC - 20",16/08/2025 15:15,16/08/2027 15:15,30/09/2026 20:57
ee60cb02-59b7-46e2-afee-0715ca0149d1,fashion.salon,premium,78.54,78.54,high,medium,7,namesilo,,,28/09/2026 16:44
a0c282ce-9e3d-48c3-81da-86eec8c0a331,fashion.hot,premium,1300,1300,high,medium,7,namecheap,,,28/09/2026 16:44
e3d29df3-71ee-4628-a141-44266a92f83b,fashion.wine,resell,,,high,medium,7,Dynadot Inc,29/08/2026 17:00,29/08/2027 17:00,28/09/2026 16:44
83261beb-b28c-40ab-bdbe-f0e48a2e4946,fashion.icu,premium,390,780,high,medium,7,namecheap,,,28/09/2026 16:44
c152d395-4d9b-469c-9efe-34b5a8113385,fashion.luxe,resell,,,high,medium,7,"GoDaddy.com, LLC",05/05/2021 12:52,05/05/2027 12:52,28/09/2026 16:44
9276421f-d2d7-4f8a-ab08-85b317cf4299,fashion.vana,available,2070.2,2070.2,high,medium,7,spaceship,,,28/09/2026 16:44
72fd19e0-fbd2-4736-b09d-27dd313c1594,fashion.website,premium,6900,6900,high,medium,7,namesilo,,,28/09/2026 16:44
e41c9a12-d13b-4e70-9613-173a820a6cb2,fashion.photo,premium,103.7,103.7,high,medium,7,spaceship,,,28/09/2026 16:44
491de200-e36f-4bd8-843b-20fd21d41e29,fashion.bet,resell,,,high,medium,7,"Spaceship, Inc.",25/03/2025 15:15,25/03/2027 15:15,28/09/2026 16:44
ee9787a2-3d38-4cd2-9946-4f61d7a7b5b2,fashion.football,available,10.81,21.11,high,medium,7,porkbun,,,28/09/2026 16:44
d2c8ca17-75eb-485a-8e32-f54e4cedd2af,fashion.engineer,resell,,,high,medium,7,Dynadot Inc,19/02/2026 01:23,19/02/2027 01:23,28/09/2026 16:44
46dfa501-1aa2-4d87-8624-c2b9cb5e4b55,fashion.mom,premium,832,832,high,medium,7,namesilo,,,28/09/2026 16:44
af97cc9a-cf73-4f9f-b3c9-db97c4390d86,fashion.actor,premium,118.8,118.8,high,medium,7,namesilo,,,28/09/2026 16:44
c5b236b6-2287-4a19-b322-137f9fd6b655,fashion.dentist,available,65.99,65.99,high,medium,7,namesilo,,,28/09/2026 16:44
e8c4c40f-9a10-4aee-9479-308847d806c0,fashion.holdings,premium,108.9,108.9,high,medium,7,dynadot,,,28/09/2026 16:44
c8ffe8be-42c6-467d-b1d7-702a0d1aabea,fashion.reise,available,27.89,97.99,high,medium,7,namesilo,,,28/09/2026 16:44
84c9f473-6971-4266-bf6e-f155ef05e580,fashion.ing,premium,3105.2,3105.2,high,medium,7,spaceship,,,28/09/2026 16:44
a3b636bf-f7c6-4868-bc67-3024e888c500,fashion.rest,premium,157.5,,high,medium,7,name.com,,,28/09/2026 16:44
0ae68c6a-ff56-46d7-9cd1-bbcc774fb023,fashion.global,premium,5000,,high,medium,7,name.com,,,28/09/2026 16:44
2a8c4881-9216-41ba-933a-4a6334555c73,fashion.car,available,2070,2400,high,medium,7,namecheap,,,28/09/2026 16:44
37107693-856f-4912-8e04-e3f1c4f091d7,fashion.living,premium,2660,2660,high,medium,7,namesilo,,,28/09/2026 16:44
2bc19147-23dc-4526-88cf-deba28b18ea5,fashion.family,premium,242,242,high,medium,7,namesilo,,,28/09/2026 16:44
71c2eabe-8437-410a-833e-042a09cb3de2,fashion.recipes,available,8.99,77.99,high,medium,7,namesilo,,,28/09/2026 16:44
2da00ee9-98a9-413e-bc5a-9433c8636421,fashion.science,premium,1035.2,103.7,high,medium,7,spaceship,,,28/09/2026 16:44
8d632de2-f80a-4918-a276-5c594abce7fb,fashion.moi,premium,2500.5,,high,medium,7,unstoppable,,,28/09/2026 16:44
b481e9a0-3317-418d-8e1a-92b8622352ac,fashion.credit,available,8.48,83,high,medium,7,spaceship,,,28/09/2026 16:44
c8deb102-fcdd-433e-b2c3-169d24afb415,fashion.cfd,resell,,,high,medium,7,"NameCheap, Inc.",26/05/2024 13:36,26/05/2027 23:59,28/09/2026 16:44
315056b1-7aa7-4586-8367-5cd260f39e5d,fashion.pink,premium,517.7,517.7,high,medium,7,spaceship,,,28/09/2026 16:44
2eea1029-2f27-4437-8e17-9e940f372193,fashion.cx,resell,,,high,medium,7,West263 International Limited,04/07/2024 02:54,04/07/2027 02:54,28/09/2026 16:44
e1b80d53-44c6-4c0b-8cf8-dc583ab2809a,fashion.tattoo,premium,116,116,high,medium,7,namesilo,,,28/09/2026 16:44
c40ef681-2d2b-4a09-a67b-14abfda903d8,fashion.bio,resell,,,high,medium,7,"Global Domains International, Inc. DBA DomainCostClub.com",21/07/2026 15:15,21/07/2027 15:15,28/09/2026 16:44
459b04fe-8569-4565-8919-63fcba0fc28f,fashion.flights,premium,118.8,118.8,high,medium,7,namesilo,,,28/09/2026 16:44
063afb9b-9ad1-4d31-931f-ae873e158764,fashion.vodka,available,25.2,25.2,high,medium,7,cloudflare,,,28/09/2026 16:44
50051522-50f8-4e39-9f43-e2cb0446cfda,fashion.tickets,available,401.47,401.47,high,medium,7,dynadot,,,28/09/2026 16:44
9de65e12-37a0-49a5-a01a-140df426c8f4,fashion.cafe,resell,,,high,medium,7,"Spaceship, Inc.",30/09/2020 08:10,30/09/2027 08:10,01/10/2026 04:42
075662c2-fb9d-42a9-9bd7-631810707c75,fashion.observer,premium,29.5,29.5,high,medium,7,namesilo,,,28/09/2026 16:44
78b209b7-09f1-4313-8fc5-9d9d04d8c322,fashion.qpon,premium,3450,23.54,high,medium,7,namesilo,,,28/09/2026 16:44
1ac7d9b6-d3c9-490a-a15a-81de4479ddaf,fashion.help,resell,,,high,medium,7,,,,28/09/2026 16:44
5c62149e-2d5b-479f-aa6a-aad9fce960c8,fashion.diamonds,premium,207.2,207.2,high,medium,7,spaceship,,,28/09/2026 16:44
80ecbbc8-64f1-4ab3-9be4-4048900b3ad0,fashion.plumbing,available,58.16,58.16,high,medium,7,spaceship,,,28/09/2026 16:44
fbf767be-3290-4508-b94b-31ed67ad6efc,fashion.video,premium,1293.95,2587.7,high,medium,7,spaceship,,,28/09/2026 16:44
d6bd7656-e2d4-4838-9686-61f3c6c16943,fashion.training,premium,260,260,high,medium,7,namecheap,,,28/09/2026 16:44
f0478abe-1a0f-42b5-aadc-9c2722a007f3,fashion.gifts,resell,,,high,medium,7,Dynadot Inc,30/11/2020 01:28,30/11/2026 01:28,28/09/2026 16:44
8ed46860-e194-41c6-9106-cdc075b21ece,fashion.bot,premium,2587.7,2587.7,high,medium,7,spaceship,,,28/09/2026 16:44
f09e7987-95ed-403b-b22c-83b91742e0c9,fashion.moda,premium,118.8,118.8,high,medium,7,namesilo,,,28/09/2026 16:44
c640621a-ca0c-4714-9d36-e96af73c8778,fashion.limo,available,43.67,43.67,high,medium,7,spaceship,,,28/09/2026 16:44
0c08e3d0-eb70-41e5-aa5f-f2b21ff5c198,fashion.dev,premium,1688.7,1688.7,high,medium,7,namecheap,,,28/09/2026 16:44
dadcfa1b-fe4e-4e37-8ea8-a79028dc28da,fashion.rehab,premium,1107,1107,high,medium,7,namesilo,,,28/09/2026 16:44
831ab19e-eb3c-437d-bb57-f9139016373c,fashion.tech,premium,2587.7,10350.2,high,medium,7,spaceship,,,28/09/2026 16:44
7d5f9a21-e96d-440b-8028-629b3a771194,fashion.srl,premium,54.28,30.68,high,medium,7,namesilo,,,28/09/2026 16:44
09d33571-0924-4250-9cc2-675a848d123c,fashion.io,resell,,,high,medium,7,Atom.com Domains LLC,09/02/2013 00:10,09/02/2028 00:10,28/09/2026 16:44
3ead22f2-14e2-470f-a538-9eb6b5aaec3e,fashion.ryukyu,available,17.98,22.98,high,medium,7,namecheap,,,28/09/2026 16:44
87138cd1-20d7-4257-8e37-6f7bd3f27776,fashion.tires,available,70.2,70.2,high,medium,7,cloudflare,,,28/09/2026 16:44
fb616ac1-e2e5-4eb5-b527-5295571f253f,fashion.tennis,available,65.99,65.99,high,medium,7,namesilo,,,28/09/2026 16:44
5cfd9764-4f3c-4c67-80b6-99e232c24f3d,fashion.soccer,available,25.99,25.99,high,medium,7,namesilo,,,28/09/2026 16:44
1e3f1c0c-7532-4e09-b96c-8c9f56d3cb8d,fashion.villas,premium,207.2,207.2,high,medium,7,spaceship,,,28/09/2026 16:44
0be67544-f533-49bc-bb13-7bf8c13693c1,fashion.gmbh,resell,,,high,medium,7,"Soluciones Corporativas IP, SL",22/06/2016 16:00,22/06/2027 16:00,28/09/2026 16:44
bf4c3029-60fe-40a9-baae-87a5f82387d0,fashion.ltda,premium,52.8,30.18,high,medium,7,dynadot,,,28/09/2026 16:44
991b1f2b-3de9-4174-9447-44acc222dd22,fashion.review,premium,12500,,high,medium,7,name.com,,,28/09/2026 16:44
aa7ee5d0-b3bc-48e7-8b60-28f5b08fb877,fashion.productions,premium,207.2,207.2,high,medium,7,spaceship,,,28/09/2026 16:44
144f3ac4-5979-4f1c-897f-dbd0dd251137,fashion.singles,premium,78.54,78.54,high,medium,7,namesilo,,,28/09/2026 16:44
dfe06730-68ab-4c86-8756-74bcec3a4608,fashion.reisen,available,17.34,17.34,high,medium,7,dynadot,,,28/09/2026 16:44
01f1cdf2-76e3-4335-a3fe-cd67bd35adeb,fashion.cam,resell,,,high,medium,7,Dynadot Inc,31/03/2021 07:58,31/03/2027 23:59,28/09/2026 16:44
90af9eb5-ad9f-4a1e-9700-47e665ce4c0c,fashion.money,resell,,,high,medium,7,Dynadot Inc,30/06/2026 17:00,30/06/2027 17:00,28/09/2026 16:44
a2f60a67-93db-4b24-9648-ed5c6819a03d,fashion.channel,premium,1034.17,1034.17,high,medium,7,spaceship,,,28/09/2026 16:44
efa8d3c2-d837-4a12-8f02-2caf68b9ebca,fashion.dealer,premium,2015,2600,high,medium,7,namecheap,,,28/09/2026 16:44
a570500a-ce35-41a3-87f0-e994025022c6,fashion.makeup,premium,672.95,672.95,high,medium,7,spaceship,,,28/09/2026 16:44
8747b44b-a9fe-49eb-b5cb-979b5200daba,fashion.forum,premium,116,116,high,medium,7,namesilo,,,28/09/2026 16:44
5f464495-ebde-4272-9eba-2274f481a425,fashion.kiwi,available,21.47,21.47,high,medium,7,dynadot,,,28/09/2026 16:44
d3372dc7-77ac-45c4-8bc7-79c20533bb1a,fashion.watch,premium,414.2,414.2,high,medium,7,spaceship,,,28/09/2026 16:44
64ef83c6-7bfc-4bd5-be12-75811b410106,clothing.shop,premium,11000,11000,high,low,8,dynadot,,,30/09/2026 20:57
2ded1f03-1d85-4888-87ac-8965469b2080,fashion.mov,premium,1034.17,1034.17,high,medium,7,spaceship,,,28/09/2026 16:44
a2f59083-fae6-41a7-bb09-3c001981abc7,fashion.gives,premium,108.9,108.9,high,medium,7,dynadot,,,28/09/2026 16:44
0741e709-997f-49b4-a805-aa9d12dab420,fashion.hockey,available,47.81,47.81,high,medium,7,spaceship,,,28/09/2026 16:44
4dc6e11d-1b8c-462b-81bc-9585e0bb5e38,fashion.lawyer,premium,4140,4140,high,medium,7,namesilo,,,28/09/2026 16:44
3bf7ac75-32a2-4fc8-810c-330ee7ef5b67,fashion.sarl,available,6.99,6.99,high,medium,7,namesilo,,,28/09/2026 16:44
dc86e5db-f8a8-49fd-9077-7aec04af6b48,fashion.uno,premium,5175.2,5175.2,high,medium,7,spaceship,,,28/09/2026 16:44
e5e79e51-70e8-4839-b719-5390fce0f247,fashion.center,resell,,,high,medium,7,,,,28/09/2026 16:44
2f8c5b79-4c3b-4e90-bbfe-31149ff566f1,fashion.lat,resell,,,high,medium,7,"Soluciones Corporativas IP, SL",31/07/2015 14:14,31/07/2027 23:59,28/09/2026 16:44
90be334b-97df-43ec-8f5c-954d1d11c7d1,fashion.airforce,available,83,83,high,medium,7,spaceship,,,28/09/2026 16:44
f68aebb8-2a33-4ec9-bef7-040526a0d2b8,fashion.free,premium,1035.2,1035.2,high,medium,7,spaceship,,,28/09/2026 16:44
b3cf82fd-2da8-42ce-92ed-c2fd01092452,fashion.mobile,premium,1035.2,1035.2,high,medium,7,spaceship,,,28/09/2026 16:44
181b5bd2-d368-4a34-b8cc-7376cdd925f5,fashion.realty,available,109.99,299,high,medium,7,namesilo,,,28/09/2026 16:44
04c43f52-6c37-4c22-ab58-33bf18a3365f,fashion.immobilien,available,37.99,37.99,high,medium,7,namesilo,,,28/09/2026 16:44
b6089250-5f7e-4a47-a904-01b8bb8cb373,fashion.gift,resell,,,high,medium,7,"NameSilo, LLC",22/05/2024 08:54,22/05/2027 08:54,28/09/2026 16:44
f6a9574e-bab8-4c51-97ce-c9b2e9989e1c,fashion.audio,available,93.35,103.4,high,medium,7,spaceship,,,28/09/2026 16:44
1c19f775-148d-4c02-8197-0e97864535cc,fashion.sale,premium,1000.5,1107,high,medium,7,unstoppable,,,28/09/2026 16:44
8dc27ce4-ec5b-4b25-96f3-9e68652bcd0a,fashion.gratis,available,23.99,23.99,high,medium,7,namesilo,,,28/09/2026 16:44
c76d5fb5-438c-41b9-89b6-091ad384f791,fashion.network,resell,,,high,medium,7,,,,28/09/2026 16:44
00195444-055e-4b56-9c40-d8898e932dd7,fashion.onl,premium,325,650,high,medium,7,namecheap,,,28/09/2026 16:44
ec0e0f2c-1084-4c61-8cad-82365411cc8e,fashion.viajes,available,37.99,37.99,high,medium,7,namesilo,,,28/09/2026 16:44
6182d00f-9275-4850-a59e-586088c3d81b,fashion.sucks,resell,,,high,medium,7,,,,28/09/2026 16:44
5a679a93-0396-4e3f-b875-015b80671d15,fashion.blue,resell,,,high,medium,7,,,,28/09/2026 16:44
61bca2cf-df86-48c5-a9e2-4ac03958fb25,fashion.talk,premium,517.7,517.7,high,medium,7,spaceship,,,28/09/2026 16:44
37df212c-17b6-429f-8622-bf2a0f3b71da,fashion.protection,available,1999.99,2049.99,high,medium,7,namesilo,,,28/09/2026 16:44
7aebbf27-6921-4f13-a1f8-e1d2d34e9d68,fashion.space,premium,3500,14000,high,medium,7,namecheap,,,28/09/2026 16:44
00a23f29-e2b2-49cf-a847-a98d1940bf8b,fashion.bar,premium,1719.89,2456.76,high,medium,7,porkbun,,,28/09/2026 16:44
0b244149-7986-476e-ad98-889374c97b6d,fashion.contractors,premium,118.8,118.8,high,medium,7,namesilo,,,28/09/2026 16:44
ef75d21a-a37d-4e69-a928-48a12e70c672,fashion.ski,available,50.2,50.2,high,medium,7,cloudflare,,,28/09/2026 16:44
a624fe94-ed37-4412-b06f-0438fde583c3,fashion.phd,premium,1418.59,1418.59,high,medium,7,porkbun,,,28/09/2026 16:44
68735934-b24b-4c5d-96d0-4628bd70895e,fashion.hosting,available,309.99,429.99,high,medium,7,namesilo,,,28/09/2026 16:44
8656bc93-3af7-489a-8045-f17cb6d77746,fashion.sexy,available,2749.99,2749.99,high,medium,7,namesilo,,,28/09/2026 16:44
b28837ca-348d-4dba-b7e4-6f858197a029,fashion.faith,premium,517.7,67.48,high,medium,7,spaceship,,,28/09/2026 16:44
b7038eae-6b82-4313-bfd9-9490cb003bab,fashion.skin,premium,710.1,710.1,high,medium,7,porkbun,,,28/09/2026 16:44
ea239020-0230-412e-a0f0-359394bf342d,fashion.menu,premium,110,110,high,medium,7,dynadot,,,28/09/2026 16:44
f7fd0aeb-57c5-43d4-abe8-84e677ec17e1,clothing.luxe,premium,2070.2,15.73,high,low,8,spaceship,,,30/09/2026 20:57
1254ec54-dd47-4ac4-91cf-8d912baf4cbd,fashion.coupons,premium,66.5,78.54,high,medium,7,unstoppable,,,28/09/2026 16:44
5235d863-8a3d-4959-880a-4d26791d683a,fashion.webcam,premium,640,77.35,high,medium,7,namesilo,,,28/09/2026 16:44
2ac66b42-1e70-41a0-b9d4-05551d942a36,fashion.land,resell,,,high,medium,7,"Spaceship, Inc.",07/08/2015 00:49,07/08/2027 00:49,28/09/2026 16:44
19537f3b-4d37-4d20-a6ff-d40cc881d89d,fashion.attorney,premium,4140,4140,high,medium,7,namesilo,,,28/09/2026 16:44
97ac976a-a614-4039-b4ec-04c0440b72da,fashion.rodeo,resell,,,high,medium,7,Dynadot Inc,15/03/2023 02:23,15/03/2027 02:23,28/09/2026 16:44
0419a73b-4b21-43dc-aaa1-fe7b076d1db0,clothing.luxury,premium,414.2,414.2,high,low,8,spaceship,,,30/09/2026 20:57
caa880fa-e485-46bf-a788-29b93754de29,fashion.ceo,premium,510.98,510.98,high,medium,7,namesilo,,,28/09/2026 16:44
8d6158b2-7dac-43f3-91ef-9e569bc30e2c,fashion.tienda,available,47.81,47.81,high,medium,7,spaceship,,,28/09/2026 16:44
f38675bb-1c18-47e5-a7aa-f13f78214bdc,apparel.clothing,resell,,,high,low,7,Dynadot Inc,02/06/2025 15:16,02/06/2027 15:16,28/09/2026 21:48
82e05cc7-dcf0-4e32-bce0-b06ba105096d,fashion.page,premium,999.2,,high,medium,7,unstoppable,,,28/09/2026 16:44
1ecea998-ac85-4771-b94b-36c8a9ddcb9e,clothing.shopping,premium,414.2,414.2,high,low,8,spaceship,,,30/09/2026 20:57
746d9c07-6c34-4fc1-a68f-dfbe199adc57,fashion.food,premium,1449.2,2070.2,high,medium,7,spaceship,,,28/09/2026 16:44
427ec710-3667-4612-b9f3-3f8e79345b29,fashion.archi,available,18.5,,high,medium,7,unstoppable,,,28/09/2026 16:44
008d61b8-7606-4fe7-9927-34a5325e0f32,clothing.jewelry,available,10.81,52.01,high,low,8,porkbun,,,30/09/2026 20:57
16a657fe-a7c7-4ab1-9ad4-27dbd1bc34cb,fashion.restaurant,available,20,,high,medium,7,unstoppable,,,28/09/2026 16:44
bc1eb3ca-60de-4982-bc8a-763e9e29c167,clothing.store,premium,10000.2,13800,high,low,8,unstoppable,,,30/09/2026 20:57
7a7e7ebf-3c4c-45e9-9220-83bd3879854f,clothing.app,premium,1746.09,1746.09,high,low,8,porkbun,,,30/09/2026 20:57
cb8cfe32-19db-4a99-b25a-4a1d44c16dfe,fashion.berlin,resell,,,high,medium,7,,27/11/2015 16:02,27/11/2027 16:02,28/09/2026 16:44
c337116d-9ebd-48cb-921a-0e88e9027e7c,apparel.tienda,available,59.99,59.99,high,low,7,namesilo,,,28/09/2026 21:48
6847ba48-a88a-49db-8e88-455740b72c98,apparel.boutique,premium,260,260,high,low,7,namecheap,,,28/09/2026 21:48
41db3b09-8031-4c01-8b5d-d2481f7a9df6,fashion.mortgage,available,48.2,48.2,high,medium,7,cloudflare,,,28/09/2026 16:44
b6d6bb3c-ba15-41ac-a2a0-82c580fdcf01,fashion.social,resell,,,high,medium,7,Porkbun LLC,27/09/2024 09:39,27/09/2027 09:39,28/09/2026 16:44
ea7d7feb-d4a3-42be-9617-8d33ce483a0c,clothing.furniture,available,20.9,82.76,high,low,8,spaceship,,,30/09/2026 20:57
ab17d442-0118-43f1-b20a-2419740389f3,fashion.foo,premium,1034.17,1034.17,high,medium,7,spaceship,,,28/09/2026 16:44
c664e4c6-4dfc-4560-b23b-f835e66af5ea,fashion.charity,premium,242,242,high,medium,7,namesilo,,,28/09/2026 16:44
e7758df3-1ef1-410b-a218-b8ab78d97d4f,fashion.biz,resell,,,high,medium,7,"GoDaddy.com, LLC",05/10/2021 15:37,05/10/2027 15:37,28/09/2026 16:44
2e8b93e1-0a60-48c3-a059-352513c3c56f,fashion.zip,premium,1034.17,1034.17,high,medium,7,spaceship,,,28/09/2026 16:44
d9da16ea-db4f-4db2-9791-e6f5283e09ee,fashion.pictures,resell,,,high,medium,7,,,,28/09/2026 16:44
b29332c0-7966-4c1c-a72c-060a3ac153bf,fashion.ninja,premium,34.36,34.36,high,medium,7,spaceship,,,28/09/2026 16:44
8b656f9b-109e-426f-80b0-7212be07fd9d,fashion.republican,available,25.2,25.2,high,medium,7,cloudflare,,,28/09/2026 16:44
b0772615-1e71-44d9-9952-fd9d50dfd162,fashion.host,premium,312.5,,high,medium,7,name.com,,,28/09/2026 16:44
2e33ea30-a226-4e04-9924-5565a02955c1,fashion.red,resell,,,high,medium,7,Squarespace Domains II LLC,25/09/2021 05:52,25/09/2033 05:52,28/09/2026 16:44
da12bd71-bb6b-4052-a341-c91f4dc4abfa,fashion.claims,available,17,,high,medium,7,unstoppable,,,28/09/2026 16:44
5a5c1331-83b9-48d7-b6bb-274dc5f6e811,clothing.fashion,resell,,,high,low,8,Dynadot Inc,24/04/2021 01:33,24/04/2027 01:33,30/09/2026 20:57
a424c8ea-8042-415e-8803-02c863e8f8f0,fashion.security,available,1863.2,2000.18,high,medium,7,spaceship,,,28/09/2026 16:44
9569f1e9-d511-4ba0-853d-c504321bcd5f,clothing.blackfriday,available,103.7,103.7,high,low,8,spaceship,,,30/09/2026 20:57
2fc4e0ca-d209-4305-b1cf-2dd0ce8f6ff0,fashion.london,resell,,,high,medium,7,"Sav.com, LLC - 3",04/09/2026 00:12,04/09/2027 23:59,28/09/2026 16:44
d6ced778-7aab-4e39-9f4f-055075757461,fashion.community,premium,72.6,72.6,high,medium,7,dynadot,,,28/09/2026 16:44
521c4721-bec7-473c-bf6a-7ab20a3f51a8,clothing.gallery,premium,54.36,108.6,high,low,8,porkbun,,,30/09/2026 20:57
ea9a9dc6-81b5-423c-8e06-4a1d21c8dffd,fashion.delivery,premium,207.2,207.2,high,medium,7,spaceship,,,28/09/2026 16:44
c73187d5-d354-433a-ae2d-bfb6a8dc1271,fashion.careers,premium,242,242,high,medium,7,namesilo,,,28/09/2026 16:44
78169d44-209b-4cc2-8c61-8bcc842795d0,fashion.loan,premium,1300,130,high,medium,7,namecheap,,,28/09/2026 16:44
c97ab887-5f1d-493d-a53e-68a5406c1101,fashion.press,premium,6900,6900,high,medium,7,namesilo,,,28/09/2026 16:44
fed32f23-f63c-4cee-8f8a-f47165a3c995,fashion.cricket,available,20.88,20.88,high,medium,7,spaceship,,,28/09/2026 16:44
80c46023-db5e-48da-9529-39238a170934,clothing.legal,available,57.13,57.13,high,low,8,spaceship,,,30/09/2026 20:57
e893e408-cd51-4b21-a1e9-6cbbaa902828,clothing.forex,available,10.55,83,high,low,8,spaceship,,,30/09/2026 20:57
a983fbaa-d27d-4ae5-ab0c-b6861bf78de3,fashion.camera,premium,512,512,high,medium,7,namesilo,,,28/09/2026 16:44
d10500ff-b25b-44e2-b18f-bd607bbeb3e2,fashion.day,premium,1034.17,1034.17,high,medium,7,spaceship,,,28/09/2026 16:44
dfcad581-a318-444f-a47c-ad6af734fa0f,clothing.watch,premium,207.2,207.2,high,low,8,spaceship,,,30/09/2026 20:57
6e13cff8-29ac-48d5-bb00-301cbdc3b313,clothing.properties,premium,200.5,260,high,low,8,unstoppable,,,30/09/2026 20:57
c0659d58-9e88-4a34-a6af-96546adc1002,fashion.spot,premium,1092.18,1092.18,high,medium,7,porkbun,,,28/09/2026 16:44
9f294adf-c472-4171-8dd3-460407e537e4,fashion.kim,premium,1035.2,1035.2,high,medium,7,spaceship,,,28/09/2026 16:44
65b0089e-77b1-4f0b-a0b1-b3d47e20e24c,clothing.living,premium,2200,2200,high,low,8,dynadot,,,30/09/2026 20:57
6f2952a3-ce84-44c4-9cd4-e109b1337c0a,fashion.dog,resell,,,high,medium,7,"Global Domains International, Inc. DBA DomainCostClub.com",29/07/2026 15:15,29/07/2027 15:15,28/09/2026 16:44
c046cb27-39c4-49bb-b94b-afef464211dd,fashion.flowers,available,64.99,114.99,high,medium,7,namesilo,,,28/09/2026 16:44
2a88097e-22d7-4527-bc60-0378ebd65a8f,clothing.tickets,available,326.21,388.33,high,low,8,spaceship,,,30/09/2026 20:57
9533fdca-b2af-419f-b1f0-a52110d667f6,clothing.berlin,available,54.67,54.67,high,low,8,dynadot,,,30/09/2026 20:57
000a97b7-0d7c-4b4b-9b81-a1aa0442d944,fashion.build,premium,1552.7,1552.7,high,medium,7,spaceship,,,28/09/2026 16:44
3cd02227-0b87-4652-a890-e1ea424fb3dc,clothing.deal,premium,517.7,517.7,high,low,8,spaceship,,,30/09/2026 20:57
e48f7fdf-c923-46f0-a6e1-00680c10ef5f,clothing.kiwi,premium,81.9,81.9,high,low,8,namecheap,,,30/09/2026 20:57
af1845fb-5283-4a19-8bd1-4c3041852b5f,fashion.dad,premium,999.2,,high,medium,7,unstoppable,,,28/09/2026 16:44
ba312e0f-1ce2-4e70-88da-da02082b882c,clothing.vana,available,2060.25,2060.25,high,low,8,porkbun,,,30/09/2026 20:57
93e39d28-3d43-4443-a52d-8683e159e786,fashion.us,resell,,,high,medium,7,,,,28/09/2026 16:44
68cc916e-b6e2-4ffc-b21a-a055da86985c,clothing.engineering,premium,66.5,78.54,high,low,8,unstoppable,,,30/09/2026 20:57
80a90a80-a95d-4d6b-92b5-1cfc949be5c7,fashion.download,premium,1035.2,103.7,high,medium,7,spaceship,,,28/09/2026 16:44
55c3986b-c6a1-4bbf-a349-9f7c6abece89,clothing.download,available,4.61,5.64,high,low,8,porkbun,,,30/09/2026 20:57
cbc16ab6-4932-4315-85ca-eccc711972db,fashion.gold,resell,,,high,medium,7,"DNSPod, Inc.",22/12/2018 23:27,22/12/2026 23:27,28/09/2026 16:44
ca61d3e8-5cae-435d-9ffa-67b89fcac670,clothing.gmbh,available,36.43,36.43,high,low,8,spaceship,,,30/09/2026 20:57
fdc2a19f-b75b-402f-94e1-49f56bc475bc,clothing.stream,available,4.32,5.35,high,low,8,spaceship,,,30/09/2026 20:57
0a057267-dfa9-42b0-ae00-69bb3f56d6fb,clothing.la,resell,,,high,low,8,LA Domain Names,06/04/2020 11:59,06/04/2027 23:59,30/09/2026 20:57
526d704d-508d-41be-b589-1653b77e21dc,fashion.coffee,resell,,,high,medium,7,"Spaceship, Inc.",26/08/2026 17:00,26/08/2027 17:00,28/09/2026 16:44
7ec90341-b7a0-40a1-a367-f493e5df556b,clothing.credit,available,11,131.98,high,low,8,unstoppable,,,30/09/2026 20:57
55609de7-3766-4ea0-80cc-9246418cecf0,clothing.hamburg,available,69.98,73.98,high,low,8,namecheap,,,30/09/2026 20:57
c9d33a0a-eab7-40dc-8400-1cbb83c98cb8,clothing.nyc,premium,3250,32.5,high,low,8,namecheap,,,30/09/2026 20:57
0f95981e-95c2-4a98-b038-26deae96e858,fashion.democrat,available,5.57,26.97,high,medium,7,dynadot,,,28/09/2026 16:44
83ddb8c1-aea6-47ac-a18a-9704ff7638d3,fashion.auto,available,1863.2,2064.2,high,medium,7,spaceship,,,28/09/2026 16:44
42a79c8f-5c5e-41cf-aad3-b67aa457fbac,apparel.luxury,available,26,26,high,low,7,spaceship,,,28/09/2026 21:48
c9fe3228-b26f-4e08-b9e1-113559eb9065,clothing.enterprises,available,27.2,27.2,high,low,8,cloudflare,,,30/09/2026 20:57
d656833b-0430-4c94-9f74-77f183eeb63d,clothing.bot,premium,103.7,103.7,high,low,8,spaceship,,,30/09/2026 20:57
8b5384d2-fba3-433a-89d8-4acd3c97b2a9,fashion.llc,premium,1650,1650,high,medium,7,dynadot,,,28/09/2026 16:44
ad9043e2-4400-404e-b225-87b3d0132bd8,fashion.love,premium,3450,3450,high,medium,7,namesilo,,,28/09/2026 16:44
dae048d7-226a-4a9c-b224-18cffbd4e2ad,fashion.college,premium,2587.7,2587.7,high,medium,7,spaceship,,,28/09/2026 16:44
1d299e67-87eb-4244-8b9b-a9b130b2f5a4,clothing.gives,available,21.7,21.7,high,low,8,cloudflare,,,30/09/2026 20:57
4f89f672-b7c5-4519-b2f3-7abd75ad2011,clothing.education,available,28.15,28.15,high,low,8,spaceship,,,30/09/2026 20:57
e02bf444-8fe0-4e76-85be-462f0a3ff9d8,clothing.beer,available,1.24,26.08,high,low,8,spaceship,,,30/09/2026 20:57
310cd1d7-4a1d-499e-9db4-b6ea57c7f461,fashion.today,resell,,,high,medium,7,"Sav.com, LLC",14/12/2025 17:00,14/12/2026 17:00,28/09/2026 16:44
6304aafc-bfad-45c8-b62d-83b8e83d29ab,clothing.prof,premium,1418.59,1418.59,high,low,8,porkbun,,,30/09/2026 20:57
b9529c5c-7d36-4d56-ac7a-daff6665ae54,fashion.green,premium,1995,1995,high,medium,7,namesilo,,,28/09/2026 16:44
e864d797-9a5b-4f65-9ea2-f60e38b94eb3,clothing.storage,available,465.95,500.2,high,low,8,spaceship,,,30/09/2026 20:57
3f7c67a8-932c-4bef-b6fa-ac6d89a5efbf,clothing.cheap,premium,207.2,207.2,high,low,8,spaceship,,,30/09/2026 20:57
b62d9bca-6a46-4b4a-8c00-951238a4ec27,fashion.casa,premium,4140.2,10.55,high,medium,7,spaceship,,,28/09/2026 16:44
5059fbcb-fc7e-44eb-ae84-a79449e7a3c5,fashion.bingo,available,53.99,53.99,high,medium,7,namesilo,,,28/09/2026 16:44
04b58177-d83d-4a5a-8e18-04ce063a37ad,clothing.moda,premium,54.36,108.6,high,low,8,porkbun,,,30/09/2026 20:57
3d902642-1ba9-4901-82c4-6a12611452d9,clothing.dev,premium,164.77,164.77,high,low,8,spaceship,,,30/09/2026 20:57
b918a17e-8b4e-45a6-8597-086ab018cea7,clothing.sh,available,32.1,48.15,high,low,8,dynadot,,,30/09/2026 20:57
10eade15-580a-4f1e-8b53-37cf03d3bddb,clothing.solar,available,51.95,51.95,high,low,8,spaceship,,,30/09/2026 20:57
f8c82e5b-8a95-49de-b20a-2332c33e0973,fashion.inc,premium,2061.5,2660,high,medium,7,namesilo,,,28/09/2026 16:44
c22478ef-8553-4c25-913a-a260d5793ddb,fashion.lifestyle,premium,1449.2,2070.2,high,medium,7,spaceship,,,28/09/2026 16:44
ba37cdec-ccb6-430e-b1ea-d61450585f19,clothing.finance,available,15.73,51.95,high,low,8,spaceship,,,30/09/2026 20:57
fb6f4ba6-4b47-494d-81e7-41495750f53a,fashion.haus,premium,828.2,828.2,high,medium,7,spaceship,,,28/09/2026 16:44
32176681-f29a-47bd-8894-bf77a9667562,clothing.film,available,64.42,64.42,high,low,8,dynadot,,,30/09/2026 20:57
fb03a133-7abe-4c39-a292-2e762b11f61b,clothing.fit,premium,4140.2,26.08,high,low,8,spaceship,,,30/09/2026 20:57
cf0a1c02-2d91-4629-be10-ab2a20a6ae60,clothing.fishing,available,33.98,45.98,high,low,8,namecheap,,,30/09/2026 20:57
f3846c54-2bb4-4cd9-b120-a85a637e6b4d,clothing.sale,premium,1035.2,1035.2,high,low,8,spaceship,,,30/09/2026 20:57
1a11cfb3-00ac-4bec-b5cc-8ddca745373d,clothing.gift,available,16.91,16.91,high,low,8,dynadot,,,30/09/2026 20:57
337f7b00-eb81-45d9-9883-ea4a34773dc1,fashion.it,resell,,,high,medium,7,,02/05/1996 00:00,12/09/2027 00:00,28/09/2026 16:44
0d90a36a-a2fd-40b0-890b-86998c71176a,fashion.voto,available,26.5,,high,medium,7,unstoppable,,,28/09/2026 16:44
ea38053e-d154-44ce-ba85-6de2641b692d,fashion.online,premium,6823.39,27291.98,high,medium,7,porkbun,,,28/09/2026 16:44
aa0a0653-7513-478e-9690-02cec1c31e1f,clothing.mortgage,available,49.88,49.88,high,low,8,spaceship,,,30/09/2026 20:57
5f4f89bd-04f3-4a93-9011-b2e14e228cdb,fashion.adult,premium,256.88,256.88,high,medium,7,spaceship,,,28/09/2026 16:44
640902c4-93ca-4cda-9fb7-eafff73c4579,clothing.voto,available,26.5,55.93,high,low,8,unstoppable,,,30/09/2026 20:57
d5dc3423-0031-46da-b3ae-53d734d954e8,clothing.dad,premium,1298.7,1298.7,high,low,8,namecheap,,,30/09/2026 20:57
0ad11b95-adc0-4a3d-a18a-17a3bd3b42b4,clothing.florist,available,26.08,26.08,high,low,8,spaceship,,,30/09/2026 20:57
c8137a90-d92f-4061-90bb-075b664915c8,fashion.auction,premium,512,512,high,medium,7,namesilo,,,28/09/2026 16:44
aabbb598-487c-4334-8ff9-5c9239cd26e3,fashion.zone,premium,800.5,854,high,medium,7,unstoppable,,,28/09/2026 16:44
e2fc1a40-c5e7-459c-8195-4df06e86e065,clothing.net,resell,,,high,low,8,"GoDaddy.com, LLC",09/06/1997 04:00,08/06/2027 04:00,30/09/2026 20:57
e5fd8639-ff25-4bba-bcb7-eaa92b0683a6,fashion.meme,premium,1690,1690,high,medium,7,namecheap,,,28/09/2026 16:44
69ea2585-f117-4a74-957c-02ec4ad34061,clothing.graphics,available,18.83,18.83,high,low,8,spaceship,,,30/09/2026 20:57
d946df5a-27f8-4494-950f-0b9f80c34279,clothing.cars,available,2140.22,2140.22,high,low,8,dynadot,,,30/09/2026 20:57
f3d96773-3992-4794-8d3c-ba58cef8e5e6,fashion.soy,premium,548.9,548.9,high,medium,7,dynadot,,,28/09/2026 16:44
b6c19c19-da61-4867-99f6-a0f82b7e5840,clothing.food,premium,1449.2,2070.2,high,low,8,spaceship,,,30/09/2026 20:57
09f572d2-9795-4aef-b534-38d5558b7dee,clothing.observer,premium,27.5,27.5,high,low,8,dynadot,,,30/09/2026 20:57
2493da0f-5c5d-482e-a29a-513b907bd570,clothing.foo,premium,1034.17,1034.17,high,low,8,spaceship,,,30/09/2026 20:57
d434dc67-eb2c-4794-86b4-e806ea4a3e10,apparel.fashion,premium,5520,29.5,high,low,7,namesilo,,,28/09/2026 21:48
5651021e-c660-492b-ab82-a8a8d610dac8,apparel.pics,available,25.2,20.2,high,low,7,cloudflare,,,28/09/2026 21:48
c4169a6f-1cf2-4a64-bebc-014acc3911c8,apparel.skin,available,1.54,14.21,high,low,7,porkbun,,,28/09/2026 21:48
f21836e7-f92c-471a-bd3f-3d03166e2d7e,fashion.dating,premium,78.54,78.54,high,medium,7,namesilo,,,28/09/2026 16:44
a19951ac-c1f6-421e-ba9f-f6b232c453f3,clothing.investments,available,8.24,103.5,high,low,8,porkbun,,,30/09/2026 20:57
3eed3325-e930-42e2-bf5a-d309af0e6c5e,clothing.channel,premium,1034.17,1034.17,high,low,8,spaceship,,,30/09/2026 20:57
776463b0-d7f5-4d1d-84cd-7170af634cae,fashion.futbol,available,5.38,13.66,high,medium,7,spaceship,,,28/09/2026 16:44
21870ce2-46d2-4122-ac2f-0e9e3f3c8685,fashion.memorial,premium,68.51,68.51,high,medium,7,spaceship,,,28/09/2026 16:44
63147fa6-0d05-4602-a445-d65c425017c6,clothing.ink,premium,103.7,103.7,high,low,8,spaceship,,,30/09/2026 20:57
41358eb8-fc87-4e4e-a997-0db7568ce2f6,clothing.mobile,premium,1300,1300,high,low,8,namecheap,,,30/09/2026 20:57
952a29e0-676e-4f47-a59d-05e75f33309a,clothing.family,premium,207.2,207.2,high,low,8,spaceship,,,30/09/2026 20:57
bb774cc1-303b-4fdb-9e7b-720cb1d68a3d,clothing.cricket,available,20.88,20.88,high,low,8,spaceship,,,30/09/2026 20:57
a97abcbe-33c3-4ff0-9358-3deaa3a6bfff,fabric.moda,premium,102.67,102.67,high,low,6,spaceship,,,01/10/2026 21:18
54086519-88ac-4715-9afd-3a597633c9c5,fashion.markets,premium,1035.2,1035.2,high,medium,7,spaceship,,,28/09/2026 16:44
f4de5828-aeff-4a61-95dd-abcdfcf8fc87,apparel.kitchen,available,10.99,64.99,high,low,7,namesilo,,,28/09/2026 21:48
a79d0b2c-7fa0-41d9-85ec-786bc4d31196,clothing.limited,premium,108.9,108.9,high,low,8,dynadot,,,30/09/2026 20:57
acec1333-2db8-4c10-9bf8-9210b06a6dcf,fashion.baby,resell,,,high,medium,7,"GoDaddy.com, LLC",02/04/2019 14:56,02/04/2027 23:59,28/09/2026 16:44
22ec6ba6-2e49-4227-9393-03df97d0461b,fashion.stream,premium,6900,116,high,medium,7,namesilo,,,28/09/2026 16:44
64d5265f-457a-40e1-a78d-0b7f4a2977dc,clothing.porn,available,51.95,98.53,high,low,8,spaceship,,,30/09/2026 20:57
2ca7cda0-646c-43bd-9213-6b404f581200,garment.style,available,7.98,49.98,high,low,7,namecheap,,,19/09/2026 20:02
b9a52010-d347-4d5a-b131-99b60ec2a4f4,fashion.rentals,premium,102.67,102.67,high,medium,7,spaceship,,,28/09/2026 16:44
2c33a1fd-ecdf-4a79-9917-365dcb567e95,fashion.to,resell,,,high,medium,7,humbly LLC,09/02/2024 02:27,14/02/2027 05:35,28/09/2026 16:44
baba4b68-28a4-41d0-9208-8da6dbd40773,fashion.express,resell,,,high,medium,7,"Sav.com, LLC - 15",04/03/2024 15:15,04/03/2027 15:15,28/09/2026 16:44
4391183c-80eb-4f67-a5ba-32d8ef5ca518,clothing.im,resell,,,high,low,8,,,,23/09/2026 08:13
5f92c55a-2ec2-44db-bb44-da67c03d97af,apparel.hot,premium,1035.2,1035.2,high,low,7,spaceship,,,28/09/2026 21:48
f7b37a32-cacf-4cbc-88c5-e55ad474b590,clothing.faith,available,10.53,10.53,high,low,8,spaceship,,,30/09/2026 20:57
246cd823-838a-4794-b3d9-55eb890059bc,clothing.locker,premium,1100,32.32,high,low,8,dynadot,,,30/09/2026 20:57
2036b5e4-b366-4799-8d29-4d88eb73115a,clothing.racing,premium,103.7,103.7,high,low,8,spaceship,,,30/09/2026 20:57
657cbbeb-125c-4af1-8f3e-ba8395572bca,apparel.rent,available,10.3,52.01,high,low,7,porkbun,,,28/09/2026 21:48
4b67905a-86a8-4f1a-89ca-f04cb26f906d,fashion.trading,premium,1100,1100,high,medium,7,dynadot,,,28/09/2026 16:44
dfb082dd-1055-4e17-907b-b5751cfb3254,apparel.haus,available,10.55,27.11,high,low,7,spaceship,,,28/09/2026 21:48
a4fe7951-af52-41f3-861e-91f2f59038f4,clothing.organic,available,17,85.99,high,low,8,unstoppable,,,30/09/2026 20:57
42740946-7934-4b27-adb7-27697d5145e3,clothing.exchange,premium,108.9,108.9,high,low,8,dynadot,,,30/09/2026 20:57
0b8ac8b0-90eb-4148-af7d-77d3e069044e,apparel.camera,available,45.2,45.2,high,low,7,cloudflare,,,28/09/2026 21:48
d909a82d-651c-4aa2-a2d6-434e67d13507,fashion.pro,resell,,,high,medium,7,"NameSilo, LLC",02/03/2005 00:00,02/03/2027 00:00,28/09/2026 16:44
f6280dfa-5287-4bab-9646-fd16dccb6895,clothing.pics,available,1.99,26.97,high,low,8,dynadot,,,30/09/2026 20:57
f338e5b1-7460-4a1c-b821-05da68541e14,apparel.shop,premium,2587.7,2587.7,high,low,7,spaceship,,,28/09/2026 21:48
e3b5bf81-ee8b-454c-976e-7177539b02e0,clothing.rich,available,79,160.72,high,low,8,dynadot,,,30/09/2026 20:57
c74df4cf-a249-4d96-a05f-9a9596bf8741,fashion.wiki,premium,812.5,,high,medium,7,name.com,,,28/09/2026 16:44
5967adde-66b7-472f-a1be-fd8859afe14e,apparel.car,available,1999.99,2199,high,low,7,namesilo,,,28/09/2026 21:48
1276a29e-71ca-43ab-b889-b17cbcd9976a,fashion.software,premium,414.2,414.2,high,medium,7,spaceship,,,28/09/2026 16:44
8fc8195e-ecd0-47ae-bd48-55fbe923ebba,fashion.fun,premium,1293.95,5175.2,high,medium,7,spaceship,,,28/09/2026 16:44
2030e94c-cb72-4a59-94f7-387ae69a2f20,clothing.horse,premium,83,26.08,high,low,8,spaceship,,,30/09/2026 20:57
b2380cda-6ccb-4ead-acde-6f746d93a3bd,clothing.melbourne,available,44.98,53.98,high,low,8,namecheap,,,30/09/2026 20:57
021def05-db56-4745-b27f-7a6161dd0b22,apparel.pub,available,31.2,31.2,high,low,7,cloudflare,,,28/09/2026 21:48
7e78cb58-7e74-4617-92f3-ca4f6e5ff640,fashion.trade,premium,3250,130,high,medium,7,namecheap,,,28/09/2026 16:44
0513f67f-6503-44d6-9076-0fcf73679d06,clothing.sbs,premium,63.25,126.5,high,low,8,dynadot,,,30/09/2026 20:57
0ee4687d-28c0-484d-8067-0a2c6575d79a,fashion.theatre,available,465.95,500.18,high,medium,7,spaceship,,,28/09/2026 16:44
f334eb49-5c33-4e16-9f92-49bbf0f6fd17,clothing.cruises,available,8.24,46.23,high,low,8,dynadot,,,30/09/2026 20:57
6e3995be-da2f-458e-8c51-d317ac97ea1b,apparel.build,premium,258.95,258.95,high,low,7,spaceship,,,28/09/2026 21:48
f7604573-b05d-4462-b433-7299e6ebe4cb,fashion.fast,premium,550,550,high,medium,7,dynadot,,,28/09/2026 16:44
ac18e1f4-3555-4bbd-bec5-2c236dce546b,clothing.market,premium,414.2,414.2,high,low,8,spaceship,,,30/09/2026 20:57
b00a03a8-c779-4363-97a2-6c272240c53b,apparel.storage,available,465.95,500.2,high,low,7,spaceship,,,28/09/2026 21:48
74891025-b6aa-4655-a824-4812d7dfb9e3,apparel.store,premium,1293.95,5175.2,high,low,7,spaceship,,,28/09/2026 21:48
6ca703b3-c0b8-48f1-8f7a-48553971cf7f,apparel.pictures,available,15.49,15.49,high,low,7,namesilo,,,28/09/2026 21:48
dadf4a0c-f872-4c6c-b0d7-123bc940cc32,clothing.design,premium,2000.5,2600,high,low,8,unstoppable,,,30/09/2026 20:57
0867a839-2b25-42f5-8731-7608cbc5b5d8,apparel.band,available,20.99,31.49,high,low,7,namesilo,,,28/09/2026 21:48
645a27a6-510f-4de3-aae3-a54f05d8f370,fashion.games,premium,103.7,207.2,high,medium,7,spaceship,,,28/09/2026 16:44
9b662e8d-ab91-4be7-803a-ba55eb3316bb,fashion.pet,premium,2500.5,,high,medium,7,unstoppable,,,28/09/2026 16:44
3bf7d932-f46d-411d-b34a-ccfe1d23a859,apparel.boo,premium,133.72,133.72,high,low,7,spaceship,,,28/09/2026 21:48
fb96e8db-1e1b-4667-b91f-4cfdb95a8092,fashion.digital,resell,,,high,medium,7,"GoDaddy.com, LLC",03/09/2023 15:15,03/09/2027 15:15,28/09/2026 16:44
03d50cc1-5152-42c5-a005-a8e9001a6a07,apparel.fishing,available,25.2,25.2,high,low,7,cloudflare,,,28/09/2026 21:48
cbcfe046-c53f-47f0-8387-ced0acf5a41a,clothing.estate,premium,99.5,118.8,high,low,8,unstoppable,,,30/09/2026 20:57
cb0dd86a-8d9c-4ded-953b-92aca33506d0,fashion.fishing,available,26.26,26.26,high,medium,7,porkbun,,,28/09/2026 16:44
a1d9dd5a-ae83-4942-8a25-1fd40d715ef2,apparel.juegos,available,309.47,309.47,high,low,7,porkbun,,,28/09/2026 21:48
c068e0e4-e2c0-427b-a5f7-dbe492d8a9f6,apparel.food,available,5.49,39.99,high,low,7,namesilo,,,28/09/2026 21:48
0f9405db-3bf8-42ec-a11b-17fd469352f6,fashion.pub,resell,,,high,medium,7,Dynadot Inc,06/03/2015 03:59,06/03/2027 03:59,28/09/2026 16:44
18674fe1-f08e-4432-ad44-d0b47910b56d,fashion.forsale,premium,1107,1107,high,medium,7,namesilo,,,28/09/2026 16:44
09007f6e-280f-4439-b5c0-1a5396490866,fashion.win,premium,448,53.92,high,medium,7,namesilo,,,28/09/2026 16:44
eab28685-9e7a-4df3-a33c-f269318b0215,apparel.properties,available,18.99,39.99,high,low,7,namesilo,,,28/09/2026 21:48
d1fce53e-368e-4f9f-8a59-a42b4ed7aa01,apparel.love,premium,118.8,118.8,high,low,7,namesilo,,,28/09/2026 21:48
0953f5c8-e709-4962-8ecd-ddc3f1de0af4,apparel.vacations,available,38.99,38.99,high,low,7,namesilo,,,28/09/2026 21:48
b6afae34-9872-4e78-94be-a8803026b185,clothing.vet,available,33.47,33.47,high,low,8,porkbun,,,30/09/2026 20:57
3ca841e1-d954-4819-b337-dee9f2a7c66e,apparel.army,available,15.73,31.25,high,low,7,spaceship,,,28/09/2026 21:48
212dce93-acda-46e0-b8b4-450c951829ae,fashion.prof,premium,1344.67,1344.67,high,medium,7,spaceship,,,28/09/2026 16:44
fb662070-7030-4886-8008-f183ceb92d97,clothing.fyi,premium,85.8,85.8,high,low,8,namecheap,,,30/09/2026 20:57
6b87608a-16bf-4142-8f83-394a78a08439,clothing.trade,resell,,,high,low,8,"Spaceship, Inc.",02/04/2025 15:14,02/04/2027 15:14,30/09/2026 20:57
ed7dd6ac-c247-407f-a83a-77fb63faab99,apparel.solutions,resell,,,high,low,7,"Sav.com, LLC",27/11/2016 10:16,27/11/2026 10:16,28/09/2026 21:48
cb94a3d7-3995-4342-a7c4-9687abd66517,clothing.onl,premium,65,130,high,low,8,namecheap,,,30/09/2026 20:57
c3c5bc51-867c-4344-9d91-d7ba4c9fd461,apparel.moda,premium,118.8,118.8,high,low,7,namesilo,,,28/09/2026 21:48
93364da8-1e32-45e4-abe8-a540f7cd4716,fashion.date,premium,310.7,51.95,high,medium,7,spaceship,,,28/09/2026 16:44
ed6dee4e-8ed2-4e1b-b3db-07f4795a1753,fashion.hair,premium,832,832,high,medium,7,namesilo,,,28/09/2026 16:44
9269a955-63a2-4266-a843-f0f8ab03ea56,clothing.rehab,premium,242,242,high,low,8,namesilo,,,30/09/2026 20:57
6e0ecb64-28a4-46e1-b86c-06266c6b3622,clothing.flowers,available,93.35,103.4,high,low,8,spaceship,,,30/09/2026 20:57
d381f958-a450-4d85-bd24-a9c57e13ff3c,apparel.study,premium,65,65,high,low,7,namecheap,,,28/09/2026 21:48
8a0b4ea2-7445-44f1-91d3-2dcf39bd907c,apparel.cat,available,26.98,38.98,high,low,7,namecheap,,,28/09/2026 21:48
c6c7a287-00d3-41b0-80e8-7b511e8fd6df,style.shopping,premium,242,242,high,low,5,namesilo,,,08/09/2026 07:22
09ab21b6-37df-4d18-a88e-ecf1076e7837,apparel.airforce,available,83,83,high,low,7,spaceship,,,28/09/2026 21:48
3b1ac958-ba9b-4fe7-bdb4-1669076bd1fd,apparel.flights,available,58.99,58.99,high,low,7,namesilo,,,28/09/2026 21:48
b9ae4d47-e812-4a35-b9d3-d40842875202,fashion.ngo,available,15.96,15.96,high,medium,7,porkbun,,,28/09/2026 16:44
4ce002b2-0497-4e92-afe8-c00695717bc3,apparel.photos,available,7.96,24.01,high,low,7,spaceship,,,28/09/2026 21:48
f8e80e08-de20-40ff-9862-ed8cbbb0281e,apparel.salon,available,57.99,57.99,high,low,7,namesilo,,,28/09/2026 21:48
4e1fa40d-a842-4f8a-8c9a-450edee1c700,clothing.capital,premium,108.9,108.9,high,low,8,dynadot,,,30/09/2026 20:57
85a5060b-e706-47ae-9a1b-5b5c4e7bf85a,fashion.cleaning,available,79.98,94.98,high,medium,7,namecheap,,,28/09/2026 16:44
36d7437a-db75-474c-86fe-dad8fce2033e,apparel.catering,available,31.41,31.41,high,low,7,porkbun,,,28/09/2026 21:48
bf1e6d52-8558-432d-80de-73bdebdfe152,apparel.press,premium,162.5,325,high,low,7,namecheap,,,28/09/2026 21:48
f6abc557-203a-4720-bce5-c66d3984ce67,apparel.bingo,available,53.99,53.99,high,low,7,namesilo,,,28/09/2026 21:48
e9ea6fcc-75ab-4509-8334-07855312c47c,apparel.voting,available,978.6,978.6,high,low,7,dynadot,,,28/09/2026 21:48
70caea10-6ed2-445f-9eec-9dd003e8c79b,clothing.toys,available,10.81,52.01,high,low,8,porkbun,,,30/09/2026 20:57
9415cc4f-33e0-4608-b245-4db2a7b54b90,clothing.media,premium,51.43,102.67,high,low,8,spaceship,,,30/09/2026 20:57
e6f8a376-e083-4830-923d-980c2cc15571,clothing.doctor,available,5.38,93.35,high,low,8,spaceship,,,30/09/2026 20:57
af5cfd54-cbac-440f-b817-9bc348ea5776,clothing.ong,premium,55,27.5,high,low,8,dynadot,,,30/09/2026 20:57
d76044f3-1f15-461b-bef4-bb79511d0cd4,clothing.codes,available,55.2,55.2,high,low,8,cloudflare,,,30/09/2026 20:57
2e7f338c-95c1-4318-88c2-1cb5e2a13ddb,clothing.holiday,available,5.57,53.72,high,low,8,dynadot,,,30/09/2026 20:57
7f0c8a90-7b7c-42d6-b686-ab9a532f9d29,apparel.technology,available,3.31,22.97,high,low,7,spaceship,,,28/09/2026 21:48
59d55fba-6319-4dac-853d-07cf450d37aa,style.makeup,premium,2600,2600,high,low,5,namecheap,,,08/09/2026 07:22
ae5847e1-73f5-4f1f-85e5-769bc21aa5ef,fashion.forex,available,10.55,83,high,medium,7,spaceship,,,28/09/2026 16:44
c9ee72a7-2c79-43f1-9017-875e87c8b168,apparel.immo,available,36.98,43.98,high,low,7,namecheap,,,28/09/2026 21:48
9450efac-8371-4f6a-81c5-0c2b6a6ca84d,fashion.hamburg,resell,,,high,medium,7,,20/04/2016 14:43,20/04/2027 14:43,28/09/2026 16:44
ddad899c-ac21-4ce3-9088-e1d352142711,clothing.casino,available,6.41,129.58,high,low,8,spaceship,,,30/09/2026 20:57
b77d7e22-e320-4e79-bd2a-bafc01b2fd56,apparel.holiday,available,5.66,52.01,high,low,7,porkbun,,,28/09/2026 21:48
290e1c23-0f6e-4ca0-ab8b-7e9ffbfe01b7,apparel.auto,available,1999.99,2199,high,low,7,namesilo,,,28/09/2026 21:48
289f16b1-dfc7-48cc-923e-355f6c64746d,apparel.faith,premium,650,84.5,high,low,7,namecheap,,,28/09/2026 21:48
90a2bc92-f064-4a9a-87b0-dea7dddcafbb,clothing.industries,premium,220,220,high,low,8,dynadot,,,30/09/2026 20:57
99520fa1-a469-494b-926d-a5efae1ad754,fashion.gripe,premium,34.36,34.36,high,medium,7,spaceship,,,28/09/2026 16:44
b07fb4b1-13d4-480d-873a-fdd566a1d762,apparel.security,available,2000.2,2000.2,high,low,7,cloudflare,,,28/09/2026 21:48
f53d2317-1959-4732-b9a5-a8e4fa5da261,clothing.international,premium,66.5,72.57,high,low,8,unstoppable,,,30/09/2026 20:57
65e4c315-f704-4f85-8769-449525db9c20,apparel.net,resell,,,high,low,7,Tirupati Domains and Hosting Pvt Ltd.,04/05/1995 04:00,05/05/2027 04:00,28/09/2026 21:48
4a768901-0501-4458-b3b2-834a269948ad,clothing.futbol,available,5.38,13.66,high,low,8,spaceship,,,30/09/2026 20:57
bcd2e5af-0301-4594-ad99-c6d9f2b00c79,apparel.soy,premium,40.57,40.57,high,low,7,spaceship,,,28/09/2026 21:48
38f60164-3340-4a63-9ddf-cc0a2c4d9fa3,clothing.technology,resell,,,high,low,8,Dynadot Inc,19/02/2014 16:01,19/02/2027 16:01,30/09/2026 20:57
943aa1c3-4be4-4ee0-997b-1b0887299737,fashion.fund,premium,207.2,207.2,high,medium,7,spaceship,,,28/09/2026 16:44
8f3087cd-f77f-4b33-9a9b-cbb17bdda0cd,fashion.sydney,available,58,58,high,medium,7,namesilo,,,28/09/2026 16:44
608874df-af67-4711-800a-5899b55bd83e,clothing.barcelona,available,25.04,25.04,high,low,8,spaceship,,,30/09/2026 20:57
5a4b17fe-e030-4b0f-a82c-999e216e7c3c,fashion.promo,premium,2750,2750,high,medium,7,dynadot,,,28/09/2026 16:44
d218abde-5013-4289-94c4-422f7d2d032a,apparel.earth,available,18.99,18.99,high,low,7,namesilo,,,28/09/2026 21:48
3b389bc2-4483-4224-91a5-567cb5f569e0,apparel.mov,premium,249.2,323.7,high,low,7,unstoppable,,,28/09/2026 21:48
b5a334fd-a14d-43e7-931d-42ec14493e99,fashion.racing,premium,103.7,103.7,high,medium,7,spaceship,,,28/09/2026 16:44
200db52f-98a9-4fc0-966c-ef433931a4a6,clothing.poker,available,8.24,55.86,high,low,8,dynadot,,,30/09/2026 20:57
b97b331e-1e29-466d-960b-21e2ac52d78e,style.black,premium,640,640,high,low,5,namesilo,,,08/09/2026 07:22
35203b48-c40b-4a00-8dd2-8b3e6351e0f9,apparel.flowers,available,64.99,114.99,high,low,7,namesilo,,,28/09/2026 21:48
16ac8d24-a022-462c-b3f7-178660f4858e,clothing.ceo,available,85.2,70.2,high,low,8,cloudflare,,,30/09/2026 20:57
e0d496f6-0f3e-4720-a7c3-3acd4216719d,clothing.rip,available,24.5,18.83,high,low,8,unstoppable,,,30/09/2026 20:57
310a7fe8-62c6-4409-a908-fcf8fe55780f,clothing.villas,premium,108.9,108.9,high,low,8,dynadot,,,30/09/2026 20:57
2d6d521f-4f16-438f-950c-5aa93b292d9c,apparel.global,premium,1200.5,65,high,low,7,unstoppable,,,28/09/2026 21:48
ebe1b996-6257-4c57-b649-6ab6441b22a9,clothing.salon,available,44.2,44.2,high,low,8,cloudflare,,,30/09/2026 20:57
29a5a079-5e21-499c-a526-65734882d7ef,clothing.fail,premium,54.36,108.6,high,low,8,porkbun,,,30/09/2026 20:57
6cab8d2f-b13d-43d7-9fe5-48f6961cf884,clothing.tax,premium,260,260,high,low,8,namecheap,,,30/09/2026 20:57
dcc4dbbb-4251-4e7a-bcf0-bc3562ba6100,fashion.investments,premium,200.5,242,high,medium,7,unstoppable,,,28/09/2026 16:44
a78a7907-f7b7-499b-a632-1c29cbee08cd,apparel.bike,available,12.99,38.99,high,low,7,namesilo,,,28/09/2026 21:48
06519bc3-1139-45f9-9d56-143776a37cb0,fashion.garden,resell,,,high,medium,7,,,,28/09/2026 16:44
8f6f6db2-1931-4f4d-aa8c-ad9375213829,clothing.vegas,available,19.98,64.98,high,low,8,namecheap,,,30/09/2026 20:57
345ba27a-7be2-4af8-ac5e-5897d06cf38f,clothing.cool,premium,414.2,414.2,high,low,8,spaceship,,,30/09/2026 20:57
3dfbc584-4754-4f10-8bd9-7e1b343e113a,apparel.bar,premium,58.5,117,high,low,7,namecheap,,,28/09/2026 21:48
644730b1-a4d5-4bb3-980c-4e1a615bbaca,fashion.bid,resell,,,high,medium,7,Porkbun,26/07/2019 14:26,26/07/2027 14:26,28/09/2026 16:44
bf9282a0-63f3-4fca-803f-d20c516afd30,clothing.realty,available,88.18,289.16,high,low,8,spaceship,,,30/09/2026 20:57
6a4dad81-e386-4fcc-88a1-a1e993357364,clothing.games,resell,,,high,low,8,Squarespace Domains II LLC,08/07/2022 01:24,08/07/2028 01:24,30/09/2026 20:57
12eca77e-4e0a-4b19-8ce0-317a9657b0bc,clothing.vision,premium,128.7,128.7,high,low,8,namecheap,,,30/09/2026 20:57
8fc5236d-09b5-4800-9a6d-f749e662c9c4,fashion.furniture,premium,102.67,102.67,high,medium,7,spaceship,,,28/09/2026 16:44
570c6885-5d72-41b7-bf0f-e2f8025ee7c5,apparel.la,resell,,,high,low,7,LA Domain Names,06/04/2020 11:59,06/04/2027 23:59,28/09/2026 21:48
f52c0a42-604f-459d-97ea-9975688fe401,clothing.tours,available,48.2,48.2,high,low,8,cloudflare,,,30/09/2026 20:57
74acf698-2c50-444e-b4d7-e4ff5a4305cf,clothing.fans,premium,116,116,high,low,8,namesilo,,,30/09/2026 20:57
6c79f41b-d4f3-4b24-9669-d137d30611dc,clothing.christmas,available,31.41,31.41,high,low,8,porkbun,,,30/09/2026 20:57
b7dbea6b-c768-49a5-9f01-5f22cd2c9b4b,apparel.bz,available,21.98,26.98,high,low,7,namecheap,,,28/09/2026 21:48
68c4b3a6-10b6-4875-bebe-fcc138b02c07,clothing.us,resell,,,high,low,8,"GoDaddy.com, LLC",24/04/2002 14:01,23/04/2027 23:59,30/09/2026 20:57
55c58666-afe3-4bc5-9f09-d7b9b48e64a5,apparel.lawyer,available,62.99,62.99,high,low,7,namesilo,,,28/09/2026 21:48
e364bc3f-a5d7-4e7d-bb75-d02350b9183b,fashion.cv,premium,1108.25,9.75,high,medium,7,dynadot,,,28/09/2026 16:44
6bb98e41-5990-427c-b2f2-41aafc71c1a2,clothing.promo,premium,1365.98,2729.67,high,low,8,porkbun,,,30/09/2026 20:57
5352d779-9702-4f7f-9577-db1607cbb5de,apparel.spot,premium,100.5,130,high,low,7,unstoppable,,,28/09/2026 21:48
42a8f661-63c0-4d3e-a5f5-c3d1ffc9bef3,clothing.republican,available,5.38,26,high,low,8,spaceship,,,30/09/2026 20:57
a18261ee-a45d-45fe-9c42-640838f23ef9,apparel.cfd,resell,,,high,low,7,Dynadot Inc,27/04/2021 14:10,27/04/2027 23:59,28/09/2026 21:48
1c6ed114-ccbc-4916-954c-a997929a7543,clothing.land,premium,520,520,high,low,8,namecheap,,,30/09/2026 20:57
e5536fca-8e21-4c01-8a7e-101ff776b125,clothing.fitness,premium,207.2,207.2,high,low,8,spaceship,,,30/09/2026 20:57
4f8f1acc-b514-4e88-9d85-663270d0947d,apparel.industries,premium,242,242,high,low,7,namesilo,,,28/09/2026 21:48
03eb5e1f-4f1e-4368-8d90-2e4fff69283f,style.pictures,premium,15.34,15.34,high,low,5,namesilo,,,08/09/2026 07:22
a9549e56-dd49-4d45-8996-05802c70621d,attire.shoes,available,64.99,64.99,high,low,6,namesilo,,,21/09/2026 01:52
53d705fe-638d-4497-9dc0-c5c0950a964e,fashion.foundation,resell,,,high,medium,7,,,,28/09/2026 16:44
eb87a5ce-f54f-44f1-9a69-e4d15dc710d9,clothing.fast,premium,517.7,517.7,high,low,8,spaceship,,,30/09/2026 20:57
b87e9a1a-7f77-4547-b0e9-34374723dd24,fashion.parts,premium,207.2,207.2,high,medium,7,spaceship,,,28/09/2026 16:44
f118a891-d05f-48cd-a722-eb9169cc01ce,apparel.place,available,17.2,17.2,high,low,7,cloudflare,,,28/09/2026 21:48
c7e22121-7736-44e2-a537-f764abc5c79a,fashion.gg,resell,,,high,medium,7,Dynadot Inc. (https://www.dynadot.com),,,28/09/2026 16:44
4b838496-3a15-4033-b9aa-ecb18e327b1b,fashion.rsvp,premium,1034.17,1034.17,high,medium,7,spaceship,,,28/09/2026 16:44
0d46d5a8-6bf5-4ffb-a656-8f4b6abe1f6c,apparel.uk,resell,,,high,low,7,R Karpis,29/03/2019 15:41,29/03/2028 14:41,28/09/2026 21:48
cc0d3ca6-df13-479e-b450-6770c02ddc13,clothing.coach,available,11.98,95.98,high,low,8,namecheap,,,30/09/2026 20:57
33d686ce-664f-458c-baa6-95b517d66c8a,fashion.theater,premium,242,242,high,medium,7,namesilo,,,28/09/2026 16:44
eaae0c40-3800-448b-b249-33694a56c216,apparel.cx,available,18.99,18.99,high,low,7,namesilo,,,28/09/2026 21:48
075c0852-a1c4-48f9-9ea6-d93fb162b752,clothing.cfd,resell,,,high,low,8,"Global Domains International, Inc. DBA DomainCostClub.com",04/07/2023 12:16,04/07/2028 23:59,30/09/2026 20:57
cc5cc403-61f8-4fd1-a650-bf6f8def1183,apparel.stream,premium,448,53.92,high,low,7,namesilo,,,28/09/2026 21:48
02819940-0a22-464e-a86a-e255cc496f9f,apparel.channel,premium,133.72,133.72,high,low,7,spaceship,,,28/09/2026 21:48
49e1a8da-1e1f-49b3-862f-070beb32930c,clothing.fan,premium,102.67,102.67,high,low,8,spaceship,,,30/09/2026 20:57
94442d18-3224-4798-8494-87495b83424c,clothing.vin,available,8.5,75.98,high,low,8,unstoppable,,,30/09/2026 20:57
a43d37b6-2e1e-42b4-9046-bbb34ce60b75,apparel.sbs,premium,310.7,621.2,high,low,7,spaceship,,,28/09/2026 21:48
f3d88d2a-8582-455f-8e76-501e6c5f2a58,apparel.email,available,7.49,30.99,high,low,7,namesilo,,,28/09/2026 21:48
5102a2e3-eec5-46f7-a964-b7357b6651bb,fashion.lgbt,resell,,,high,medium,7,"GoDaddy.com, LLC",07/09/2026 18:22,07/09/2027 18:22,28/09/2026 16:44
46c6b3f9-70ec-4dc6-8557-aca62602591e,fashion.accountants,available,93.35,93.35,high,medium,7,spaceship,,,28/09/2026 16:44
e6dcf7a2-7bde-4604-a37e-c0779b243c4a,fashion.horse,premium,4367.16,27.82,high,medium,7,porkbun,,,28/09/2026 16:44
586fa2a0-fb89-49a8-9b83-ef3532a2bf1c,clothing.foundation,premium,102.67,102.67,high,low,8,spaceship,,,30/09/2026 20:57
ba9e5af3-61ff-4cfc-9179-c9a109a4b148,clothing.garden,premium,41.6,26.08,high,low,8,spaceship,,,30/09/2026 20:57
5efd0e40-7980-4aa5-8cb6-45689cb9f54a,fashion.one,premium,650,650,high,medium,7,namecheap,,,28/09/2026 16:44
57e4ed4e-d06f-4714-aa0c-600cb6ca36bf,fashion.solar,premium,207.2,414.2,high,medium,7,spaceship,,,28/09/2026 16:44
edcf0556-7463-4481-a845-d660936c8ea6,fashion.care,premium,207.2,414.2,high,medium,7,spaceship,,,28/09/2026 16:44
d964bf49-2a1d-4f46-9824-bc729fed3ba3,fashion.nexus,premium,999.2,,high,medium,7,unstoppable,,,28/09/2026 16:44
d7ac83b7-de6e-4fd2-9ab9-9220bd0cf8f3,clothing.zone,premium,828.2,828.2,high,low,8,spaceship,,,30/09/2026 20:57
89075a1c-e760-4960-8b1d-f7e13c67ef60,clothing.flights,premium,54.36,108.6,high,low,8,porkbun,,,30/09/2026 20:57
096f4016-1174-4e63-ad19-5067d06db6f8,clothing.world,resell,,,high,low,8,"Sav.com, LLC - 19",04/04/2022 13:15,04/04/2027 13:15,30/09/2026 20:57
91b01214-467e-473b-9db9-1ee9f0571d3a,clothing.host,premium,258.95,517.7,high,low,8,spaceship,,,30/09/2026 20:57
c0b69ebb-6324-4326-9f3f-069fef86feea,clothing.dentist,available,51.95,51.95,high,low,8,spaceship,,,30/09/2026 20:57
d52de34d-8d71-47d8-9d90-a257e71d8a62,clothing.accountants,available,23.76,96.52,high,low,8,dynadot,,,30/09/2026 20:57
d730eeed-bb30-449a-b6bd-41369debfe86,apparel.villas,available,59.99,59.99,high,low,7,namesilo,,,28/09/2026 21:48
42522817-32b4-43cc-bad8-0d4e0801f580,clothing.money,available,27.2,27.2,high,low,8,cloudflare,,,30/09/2026 20:57
50202eaf-7b99-412f-a06d-cce4f1451ce7,clothing.voyage,available,61.98,73.98,high,low,8,namecheap,,,30/09/2026 20:57
ad72f8cb-45b6-48cb-8d23-2423977afd4f,apparel.management,available,25.99,25.99,high,low,7,namesilo,,,28/09/2026 21:48
770faf7d-8921-44ac-9f77-5c6639a789fd,fashion.sbs,premium,310.7,621.2,high,medium,7,spaceship,,,28/09/2026 16:44
61b19326-3cdb-4518-819f-a10877edd90e,style.hair,premium,2600,2600,high,low,5,namecheap,,,08/09/2026 07:22
64f88222-258a-4a95-be83-3646b48d55fc,apparel.talk,premium,650,650,high,low,7,namecheap,,,28/09/2026 21:48
f462fbfe-e9a3-4f17-bf82-0818d08a92e5,clothing.singles,available,7.21,27.29,high,low,8,porkbun,,,30/09/2026 20:57
b9783661-80bb-455b-ae9c-29a13c498b96,fashion.site,premium,1293.95,5175.2,high,medium,7,spaceship,,,28/09/2026 16:44
5297481f-ad80-4da0-bda4-20ffe5054b29,clothing.limo,available,42.2,42.2,high,low,8,cloudflare,,,30/09/2026 20:57
9279de05-8e57-4c95-a40b-d64a7528e2b2,fashion.rich,available,94.99,1999,high,medium,7,namesilo,,,28/09/2026 16:44
eb13f26f-892a-4f09-9c33-9cb98d95c113,clothing.ninja,available,11.98,42.98,high,low,8,namecheap,,,30/09/2026 20:57
6a2d4d53-76d7-4810-a82f-7affde7f8318,apparel.toys,available,50.2,50.2,high,low,7,cloudflare,,,28/09/2026 21:48
80e8dbe6-8aad-44e0-854b-d3184282045e,clothing.green,premium,517.7,517.7,high,low,8,spaceship,,,30/09/2026 20:57
717c4718-2c35-4b05-80f8-466c6fafb7f1,apparel.education,available,27.2,27.2,high,low,7,cloudflare,,,28/09/2026 21:48
67bd622f-51ef-40d9-89d8-9b4ea3b55968,clothing.country,available,2064.2,2064.2,high,low,8,spaceship,,,30/09/2026 20:57
000c9173-527c-432b-a645-8bcd47217cef,fashion.ong,available,15.2,15.2,high,medium,7,cloudflare,,,28/09/2026 16:44
c530c09a-a9a7-40cb-b439-16f4b8e379f1,clothing.photos,available,15,29.99,high,low,8,unstoppable,,,30/09/2026 20:57
ce726f1f-2eb9-4f2f-b8e6-65da0a23dfce,garment.clothing,available,31.98,35.68,high,low,7,namecheap,,,19/09/2026 20:02
77952b97-fb3b-4afe-a3c6-00ac86fa67e2,style.diamonds,premium,512,512,high,low,5,namesilo,,,08/09/2026 07:22
654e23e2-cb55-46d0-99d0-da0fe5208d3d,clothing.actor,available,8.48,35.39,high,low,8,spaceship,,,30/09/2026 20:57
e6204582-1c5e-43e7-8e82-5bc7dd6331aa,clothing.life,resell,,,high,low,8,"GoDaddy.com, LLC",04/07/2016 04:33,04/07/2027 04:33,30/09/2026 20:57
24b95453-e532-447e-a64a-9f4ce012a5d6,style.red,premium,768,768,high,low,5,namesilo,,,08/09/2026 07:22
12608291-e918-4c9d-adcf-c1f124e799f9,clothing.team,premium,103.7,207.2,high,low,8,spaceship,,,30/09/2026 20:57
ce41bdeb-1374-45b1-9543-59ec568bb768,apparel.realty,available,96.52,299.82,high,low,7,dynadot,,,28/09/2026 21:48
9e824545-2d2a-4170-990a-35d8ea2c9ee2,apparel.homes,available,1.24,13.97,high,low,7,spaceship,,,28/09/2026 21:48
cc808fc6-0d9a-4a6f-93da-c17998936eac,apparel.gallery,available,22.97,22.97,high,low,7,spaceship,,,28/09/2026 21:48
fdacd51e-ba64-4b10-bd20-828d29f9daa4,apparel.download,premium,1035.2,103.7,high,low,7,spaceship,,,28/09/2026 21:48
4729038a-4fba-4dbf-91ec-301b5e1a44e4,fashion.country,available,2064.2,2064.2,high,medium,7,spaceship,,,28/09/2026 16:44
0a1ea398-1c45-4fe2-9c57-5982653ec624,style.discount,premium,118.8,118.8,high,low,5,namesilo,,,08/09/2026 07:22
2bcc692a-fd9a-472b-9fe9-022705ece553,fashion.dental,available,78.99,78.99,high,medium,7,namesilo,,,28/09/2026 16:44
6181306d-f719-43e2-b3d4-29c09b8f3ea4,apparel.horse,premium,828.2,26.08,high,low,7,spaceship,,,28/09/2026 21:48
de9a45f7-4c1b-4a85-b463-623001cfb6ca,fashion.blackfriday,premium,130,33.8,high,medium,7,namecheap,,,28/09/2026 16:44
78d86ee3-99bd-429d-9dca-54e9f21e1627,fashion.organic,available,17.99,85.99,high,medium,7,namesilo,,,28/09/2026 16:44
fedf1dc7-add6-412b-977e-2f6f6d8eb6a2,fashion.moe,premium,302.5,14.16,high,medium,7,namesilo,,,28/09/2026 16:44
5d034174-e07d-4875-9a3e-24e235472a6c,fashion.doctor,resell,,,high,medium,7,Porkbun LLC,11/05/2021 23:37,11/05/2027 23:37,28/09/2026 16:44
4089bc9a-dbea-4e6e-9651-811184f3df8a,clothing.bet,available,7.96,20.9,high,low,8,spaceship,,,30/09/2026 20:57
cff15a34-4822-40fc-af1e-be6dfbea9659,fashion.apartments,available,44.2,44.2,high,medium,7,cloudflare,,,28/09/2026 16:44
8eeebb76-0238-4c2a-9c67-45455dca20cc,clothing.monster,available,1.18,13.97,high,low,8,spaceship,,,30/09/2026 20:57
0bd241a4-e530-44a9-be06-54caec3f5a2c,apparel.motorcycles,available,1.8,21.98,high,low,7,namecheap,,,28/09/2026 21:48
13114651-1b8e-4976-b315-612ec6a11500,fashion.yoga,resell,,,high,medium,7,"GoDaddy.com, LLC",31/05/2019 14:27,31/05/2027 14:27,28/09/2026 16:44
3a350d1e-309d-4563-af45-722c1683efbc,clothing.camera,premium,414.2,414.2,high,low,8,spaceship,,,30/09/2026 20:57
104376b1-916b-4b7a-b22c-671e452b9745,clothing.loan,available,5.98,9.98,high,low,8,namecheap,,,30/09/2026 20:57
401cb2ec-fbae-4eb5-ba36-565f191547ef,apparel.mortgage,available,62.99,62.99,high,low,7,namesilo,,,28/09/2026 21:48
9ec3749e-701c-44e7-80a1-ff0724131b88,fashion.locker,premium,10350.2,31.25,high,medium,7,spaceship,,,28/09/2026 16:44
40b1ae03-aba7-4068-a87f-f7e5285d35c1,style.archi,premium,118.8,118.8,high,low,5,namesilo,,,08/09/2026 07:22
352b414a-a448-439c-99f9-7b24a472e084,style.expert,premium,854,854,high,low,5,namesilo,,,08/09/2026 07:22
e7692144-9a2c-416e-9387-b99c8857cec5,apparel.direct,premium,99.5,128.7,high,low,7,unstoppable,,,28/09/2026 21:48
0fb37de4-3447-40df-acbb-cd94a1aa03d6,apparel.kaufen,available,23.94,23.94,high,low,7,spaceship,,,28/09/2026 21:48
8f2a3065-bdb5-40bf-8b1f-31b3eb3a5c7b,apparel.coupons,premium,12420,12420,high,low,7,namesilo,,,28/09/2026 21:48
7f1a615c-9516-4307-a3dd-16d225eac64b,apparel.schule,available,28.99,28.99,high,low,7,namesilo,,,28/09/2026 21:48
e73263c3-aa33-4e3f-8f97-d2128e5f1a42,apparel.organic,available,17.99,85.99,high,low,7,namesilo,,,28/09/2026 21:48
d7208ea3-3b71-4f72-a396-8314a17a9a8d,style.space,premium,1625,6500,high,low,5,namecheap,,,08/09/2026 07:22
b9cf81b9-cd28-4a34-a5e9-8f03c988b1df,fashion.cyou,premium,310.7,621.2,high,medium,7,spaceship,,,28/09/2026 16:44
cd30ed28-fb04-4f41-97b0-2996a76444ab,fashion.you,premium,640,640,high,medium,7,namesilo,,,28/09/2026 16:44
26a2f296-928f-42aa-9fd7-8dba015740cc,apparel.jetzt,available,23.99,23.99,high,low,7,namesilo,,,28/09/2026 21:48
7b3916ab-d96d-4a7b-9015-d2ab1bca76fc,style.blackfriday,available,114.99,114.99,high,low,5,namesilo,,,08/09/2026 07:22
afec2686-d61b-4e12-acee-d04458f05861,fashion.estate,premium,118.8,118.8,high,medium,7,namesilo,,,28/09/2026 16:44
cd599335-6240-415a-96d3-59316f1d7bbb,clothing.vodka,available,26.08,26.08,high,low,8,spaceship,,,30/09/2026 20:57
7a41683c-bf89-4432-a13d-ef3cf39849db,style.xyz,available,,,high,low,5,,,,
a3c645b5-2a94-4973-85ba-287f549da250,style.bid,resell,,,high,low,5,Dynadot Inc,03/06/2022 03:58,03/06/2027 03:58,26/09/2026 09:22
fd838d37-8fc2-40a4-891e-220ba3d8c4fd,apparel.boats,available,1.24,13.97,high,low,7,spaceship,,,28/09/2026 21:48
0d8809cd-5309-4585-8c24-c868c9d0e599,fashion.ltd,resell,,,high,medium,7,Alibaba Cloud Computing Ltd. d/b/a HiChina (www.net.cn),14/08/2019 03:12,14/08/2030 03:12,28/09/2026 16:44
95f4825e-139b-48a0-8f86-d219bd1ce737,apparel.rich,available,94.99,1999,high,low,7,namesilo,,,28/09/2026 21:48
c81fa030-8046-4f96-ab1f-30775c7c4560,clothing.vote,available,26.26,72.61,high,low,8,porkbun,,,30/09/2026 20:57
bfd96b23-2fa3-4f07-91c7-b7e3a4662af0,style.cfd,resell,,,high,low,5,Dynadot Inc,23/04/2021 18:40,23/04/2027 23:59,26/09/2026 09:22
af577b60-7e16-46a9-9939-175dd66a0037,style.theater,available,65.99,65.99,high,low,5,namesilo,,,08/09/2026 07:22
936fd84e-c3ff-452b-a4d4-87a64af511f8,fashion.esq,premium,1344.67,1344.67,high,medium,7,spaceship,,,28/09/2026 16:44
861ccb08-0ac6-4d64-9d6c-bb87cb6035e6,clothing.soccer,premium,36.3,36.3,high,low,8,dynadot,,,30/09/2026 20:57
9ddce93f-92a9-4464-b099-42a9791f7ffe,apparel.barcelona,available,25.04,25.04,high,low,7,spaceship,,,28/09/2026 21:48
05eb864a-d547-4f9a-acc2-7b9c79a07df3,apparel.osaka,available,26.97,26.97,high,low,7,dynadot,,,28/09/2026 21:48
3a871801-f5f5-4a91-a350-25c0259fb5fe,apparel.archi,available,13.14,83,high,low,7,spaceship,,,28/09/2026 21:48
72528af0-b5e5-4039-872a-832f7b53ca81,clothing.love,premium,6160,8800,high,low,8,dynadot,,,30/09/2026 20:57
d9155601-10e1-4cc7-8087-fd72be5bb6c2,style.company,resell,,,high,low,5,GoDaddy Online Services Cayman Islands Ltd.,02/01/2018 21:14,02/01/2027 21:14,26/09/2026 09:22
a0e5b91c-7ef6-467a-9321-3b8c89f762fb,apparel.pw,resell,,,high,low,7,"GoDaddy.com, LLC",12/06/2026 20:48,12/06/2027 20:48,28/09/2026 21:48
c16a95df-1a5d-4314-970c-5de824a3a791,apparel.blog,premium,517.7,2070.2,high,low,7,spaceship,,,28/09/2026 21:48
6621ad29-2385-455b-b720-ae927b671070,apparel.adult,available,101.87,101.87,high,low,7,dynadot,,,28/09/2026 21:48
518f2780-5324-495e-aaa3-7f0c7fe8a954,apparel.domains,available,34.36,34.36,high,low,7,spaceship,,,28/09/2026 21:48
4b524324-3702-4475-8149-f4dd7f3872f9,apparel.school,available,29.18,29.18,high,low,7,spaceship,,,28/09/2026 21:48
b47e5bf6-d609-49d9-b48e-c1c2a29d7226,style.paris,premium,366.27,,high,low,5,name.com,,,
f049d7d7-8f02-4fd7-8f9e-877ebff924ee,apparel.deals,available,31.25,31.25,high,low,7,spaceship,,,28/09/2026 21:48
833930bd-0111-4c68-b02a-73809d8a2411,apparel.farm,available,15.99,38.99,high,low,7,namesilo,,,28/09/2026 21:48
f4331925-c54c-42e5-b7cc-facc0e493934,clothing.rent,premium,550,550,high,low,8,dynadot,,,30/09/2026 20:57
b809c21c-8d11-4387-9da3-35fb86ca95e7,clothing.exposed,premium,207.2,207.2,high,low,8,spaceship,,,30/09/2026 20:57
45fdbc7b-a2f1-47c5-a5cd-d1dc4b610efe,clothing.icu,premium,68.43,147.2,high,low,8,namesilo,,,30/09/2026 20:57
c8cdd271-a10e-4758-87dd-3a2c2fec3855,fashion.health,resell,5908.29,,high,medium,7,name.com,,,28/09/2026 16:44
17d44fa5-fbe4-4a5e-b526-7407953a63cb,clothing.markets,premium,400.5,520,high,low,8,unstoppable,,,30/09/2026 20:57
23504730-6cb4-46b3-82a8-76017e6e6afb,clothing.tattoo,available,2.98,48.98,high,low,8,namecheap,,,30/09/2026 20:57
868c3c4f-5f41-46a0-9b6d-539a4f1406a2,style.voyage,available,58.99,58.99,high,low,5,namesilo,,,08/09/2026 07:22
9ac5fc5d-d274-4c40-b500-012a2d9a8468,style.sarl,available,6.98,8.98,high,low,5,namecheap,,,08/09/2026 07:22
324e183a-3a2c-4380-bebb-8c3b35ff8116,clothing.online,premium,25000.2,25875.2,high,low,8,unstoppable,,,30/09/2026 20:57
6100f2d0-498b-434f-b202-e881b4d0ca5e,clothing.forum,premium,103.7,103.7,high,low,8,spaceship,,,30/09/2026 20:57
a560ef9d-4559-4be3-9f21-522a52e7ef68,style.ltd,premium,38.94,38.94,high,low,5,namesilo,,,25/09/2026 14:26
055f129d-89bb-454a-8502-00846864bcd5,apparel.online,premium,647.08,2587.7,high,low,7,spaceship,,,28/09/2026 21:48
10e4d35a-e8ad-4def-8212-333f4a5343a6,style.buzz,premium,512,116,high,low,5,namesilo,,,08/09/2026 07:22
5745626d-407b-479c-9c47-5c9af06a99c6,style.photo,premium,116,116,high,low,5,namesilo,,,08/09/2026 07:22
31b9e549-74af-4e21-b17b-6a36232a6b29,apparel.sucks,premium,2658.67,2658.67,high,low,7,namesilo,,,28/09/2026 21:48
c8d143e0-ca00-4889-8622-e1d2aa17ca99,apparel.chat,available,10.99,44.99,high,low,7,namesilo,,,28/09/2026 21:48
fac2f0e5-5ca0-45fc-8e75-0db252561cbd,style.cam,premium,1950,18.2,high,low,5,namecheap,,,08/09/2026 07:22
a0d612de-2601-492d-a3d6-5f0ae040a8d2,clothing.farm,available,4.98,49.98,high,low,8,namecheap,,,30/09/2026 20:57
a0a9e5b6-fe61-4468-b533-36cf462df2ea,fashion.legal,resell,,,high,medium,7,Dynadot Inc,22/01/2026 17:01,22/01/2027 17:01,28/09/2026 16:44
bd515498-7de2-4bdc-a628-315366d7831a,style.tv,resell,,,high,low,5,Dynadot Inc,19/03/2010 04:02,19/03/2027 04:02,26/09/2026 09:22
d1a1a16f-775d-4118-9f68-473d01689ea7,fashion.associates,premium,207.2,207.2,high,medium,7,spaceship,,,28/09/2026 16:44
591a898f-7a2a-4b47-89e5-1820b448c5ba,apparel.rsvp,premium,167.7,167.7,high,low,7,namecheap,,,28/09/2026 21:48
9a0e00f4-edff-49ef-aed4-78cefac37574,apparel.equipment,available,10.92,23.76,high,low,7,dynadot,,,28/09/2026 21:48
0544af0b-e556-41d2-8b7f-b759a4bd0127,apparel.esq,premium,159.2,206.7,high,low,7,unstoppable,,,28/09/2026 21:48
9d4bcd4e-31cd-4eff-a4d2-c11118f65fcc,style.hiv,available,195.99,195.99,high,low,5,namesilo,,,08/09/2026 07:22
ee1b9b00-3d1f-42af-b716-a305afeb045c,fashion.contact,resell,,,high,medium,7,Porkbun LLC,09/12/2020 16:00,09/12/2026 16:00,28/09/2026 16:44
98fcf1a1-1516-4de1-a5dc-33720b919423,clothing.pizza,available,17,50.2,high,low,8,unstoppable,,,30/09/2026 20:57
bfe74afd-851c-4865-9cdb-19c34bc03db9,style.farm,resell,,,high,low,5,"Spaceship, Inc.",23/02/2026 08:03,23/02/2027 08:03,26/09/2026 09:22
834e096c-3090-490f-8799-4e87aefcbb58,apparel.healthcare,available,93.98,111.98,high,low,7,namecheap,,,28/09/2026 21:48
3d5a82e2-6a4e-436c-8a51-1b7d7180a02c,clothing.juegos,available,368.98,478.98,high,low,8,namecheap,,,30/09/2026 20:57
8fce316f-8975-4514-b126-e7cd737b0950,style.soccer,available,25.99,25.99,high,low,5,namesilo,,,08/09/2026 07:22
5d7fa262-0bc5-4a31-85b8-8f9a467de487,clothing.cooking,premium,104,32.5,high,low,8,namecheap,,,30/09/2026 20:57
025ba4a0-a58c-4ef9-8aec-7c7d15d98a8e,fashion.pw,premium,2729.45,2729.45,high,medium,7,porkbun,,,28/09/2026 16:44
ed78bf25-5e37-45f3-8673-1b0d74c24d58,apparel.community,available,47.98,58.98,high,low,7,namecheap,,,28/09/2026 21:48
89bcce7d-3377-4e4d-9aab-7b4896147662,clothing.so,available,68.98,,high,low,8,namecheap,,,
9ab1e044-74d3-4fc0-b86b-dafeb61c4336,clothing.catering,premium,207.2,207.2,high,low,8,spaceship,,,30/09/2026 20:57
b7a41e68-ae1b-4652-a0f8-a0b7f77fe107,apparel.video,premium,51.43,102.67,high,low,7,spaceship,,,28/09/2026 21:48
0fbe1b97-1330-4ee8-830d-abd1e54297d1,clothing.earth,premium,132,132,high,low,8,dynadot,,,30/09/2026 20:57
a08e728d-70a7-41f6-aa02-89ecee4be392,style.men,premium,3250,130,high,low,5,namecheap,,,08/09/2026 07:22
0c95b3d0-921c-4451-aca4-0e574a29e5b8,style.design,premium,832,832,high,low,5,namesilo,,,08/09/2026 07:22
2a0362c7-89bf-4fa7-9807-49b659d4224c,style.love,premium,1365,1950,high,low,5,namecheap,,,08/09/2026 07:22
5c1bf210-11db-4ebf-acd2-bbbcbaa26e60,fashion.deal,premium,2587.7,2587.7,high,medium,7,spaceship,,,28/09/2026 16:44
0ce866fc-5eac-4ef9-ad6f-2188ee468f9d,style.gg,resell,,,high,low,5,West263 International Limited (http://www.363.hk),,,26/09/2026 09:22
8cd5807b-81cc-4bb2-a20e-4911f84940bf,apparel.movie,available,36.43,279.65,high,low,7,spaceship,,,28/09/2026 21:48
e9cfd3aa-c1d9-4deb-9232-95abdfe6411b,clothing.talk,premium,517.7,517.7,high,low,8,spaceship,,,30/09/2026 20:57
8ee63f2a-230d-4e54-bf8d-7f590b7cec2e,clothing.mov,premium,999.2,1034.17,high,low,8,unstoppable,,,30/09/2026 20:57
fc9c3350-0a5d-4f32-90d3-7d818ee8c35f,fashion.boo,premium,1034.17,1034.17,high,medium,7,spaceship,,,28/09/2026 16:44
94ff2fe8-4dd0-4f9c-b292-da7a5e223536,apparel.restaurant,available,50.2,50.2,high,low,7,cloudflare,,,28/09/2026 21:48
85ea9b46-3654-44cc-81d0-8a262385c174,fashion.surf,premium,220,26.97,high,medium,7,dynadot,,,28/09/2026 16:44
1414c634-fffe-47d1-a787-f0969c895667,apparel.cruises,available,56.99,56.99,high,low,7,namesilo,,,28/09/2026 21:48
89982dc3-6864-4683-a8d6-84f306ddaa71,fashion.condos,premium,102.67,102.67,high,medium,7,spaceship,,,28/09/2026 16:44
d5633d09-2b49-4d17-862d-2bef17df873a,style.hamburg,available,69.98,73.98,high,low,5,namecheap,,,08/09/2026 07:22
74cf6737-f3a4-4c97-accd-8cac75645111,style.world,resell,,,high,low,5,"Spaceship, Inc.",01/04/2018 07:54,01/04/2027 07:54,26/09/2026 09:22
ecba47cb-a491-4260-9eb0-501bcbe61eff,style.pet,available,6.98,35.98,high,low,5,namecheap,,,08/09/2026 07:22
c707d5a6-9de7-4410-90af-1947e2301c22,clothing.diet,available,108.98,159.98,high,low,8,namecheap,,,30/09/2026 20:57
eb7c8f57-a548-4c15-8fb2-84f192039adf,style.qpon,premium,3450,23.54,high,low,5,namesilo,,,08/09/2026 07:22
125776fe-46fc-4d26-9974-456d93a39f49,apparel.mom,available,1.54,26.26,high,low,7,porkbun,,,28/09/2026 21:48
3f3fbcf1-f6bb-4fe5-8b6f-26b664194d86,clothing.pet,premium,2500.5,3450,high,low,8,unstoppable,,,30/09/2026 20:57
241e90b6-556e-4af1-9362-33c77c786cd6,clothing.ac,available,25.88,46.58,high,low,8,spaceship,,,30/09/2026 20:57
13b592fb-9785-4614-8f90-2642c6822052,apparel.yoga,resell,,,high,low,7,"GoDaddy.com, LLC",26/08/2020 18:51,26/08/2027 18:51,28/09/2026 21:48
3542cf31-6dc3-47a4-9c16-33ffe7e98678,style.one,premium,640,640,high,low,5,namesilo,,,08/09/2026 07:22
69ad7596-c4e8-4790-a347-5f8dd019c014,attire.fashion,available,32.49,32.49,high,low,6,namesilo,,,21/09/2026 01:52
642f83eb-0714-49dd-8ab9-3f61a1d81920,style.hockey,available,59.99,59.99,high,low,5,namesilo,,,08/09/2026 07:22
1e77e4cb-0393-4652-b4bc-b1b8f643b8b6,apparel.red,premium,68.51,68.51,high,low,7,spaceship,,,28/09/2026 21:48
a5ec4ade-e698-456d-bb99-ba6cf0cfd2d1,clothing.llc,premium,640,640,high,low,8,namesilo,,,30/09/2026 20:57
8bb3cb27-b8a3-4407-a468-aec4a59b9b56,style.fyi,premium,78.54,78.54,high,low,5,namesilo,,,08/09/2026 07:22
219408c2-997f-4515-af62-98ced868b759,fashion.cars,available,1999.99,2199,high,medium,7,namesilo,,,28/09/2026 16:44
1bc72224-3981-4132-964f-aeda9b6973fe,fabric.clothing,available,10.81,26.26,high,low,6,porkbun,,,01/10/2026 21:18
b2f05699-9175-4c28-93e9-dfcbe481e7a0,style.place,premium,42.9,85.8,high,low,5,namecheap,,,08/09/2026 07:22
877f73c9-bc62-4f46-8838-beb762f38717,apparel.theater,available,65.99,65.99,high,low,7,namesilo,,,28/09/2026 21:48
4151bc53-2d4c-45e7-8339-261b0794af46,style.claims,available,11.98,82.98,high,low,5,namecheap,,,08/09/2026 07:22
7290bc28-1942-44a6-953c-e8595c59eb74,clothing.restaurant,available,50.2,50.2,high,low,8,cloudflare,,,30/09/2026 20:57
9e29cd68-5ea0-4065-8aa9-73c67d528b6b,clothing.day,premium,1298.7,1298.7,high,low,8,namecheap,,,30/09/2026 20:57
8c37063d-0843-4cf9-8cf8-7fca9a08b243,clothing.digital,premium,108.9,108.9,high,low,8,dynadot,,,30/09/2026 20:57
2db06d83-d7d8-43e6-b45d-a113c2608fff,fabric.shoes,available,50.2,50.2,high,low,6,cloudflare,,,01/10/2026 21:18
d4d99db5-0bf0-47da-af6e-15809b02523a,clothing.taxi,available,7.96,49.88,high,low,8,spaceship,,,30/09/2026 20:57
348b1766-e9c4-47c9-acbc-ece93dd9d17c,apparel.inc,premium,2061.5,2660,high,low,7,namesilo,,,28/09/2026 21:48
ffe52a37-028b-42fc-a725-0d336440f451,apparel.claims,available,17.99,64.99,high,low,7,namesilo,,,28/09/2026 21:48
ef845644-6f4e-4d4b-b18f-885f7fa79efb,style.pink,premium,640,640,high,low,5,namesilo,,,08/09/2026 07:22
7088161e-8136-42f4-9762-a5a4675dc75b,apparel.investments,available,12.99,129.99,high,low,7,namesilo,,,28/09/2026 21:48
86bcd004-9fa9-4319-968a-519de974d489,style.forum,premium,640,640,high,low,5,namesilo,,,08/09/2026 07:22
2110fa70-0d19-46ec-9f70-a282e88c9b42,apparel.casino,available,15.99,,high,low,7,unstoppable,,,28/09/2026 21:48
b2a6b090-2f55-4e01-8d6c-0931adb586a5,clothing.plumbing,available,76.98,89.98,high,low,8,namecheap,,,30/09/2026 20:57
2079d87d-3bba-43cf-8269-973df72e3025,apparel.health,available,10.55,62.38,high,low,7,spaceship,,,28/09/2026 21:48
a17c265b-f469-4781-86bc-ed2c2d690e20,clothing.rest,premium,130.61,186.5,high,low,8,spaceship,,,30/09/2026 20:57
e0b2c48f-fdeb-41bf-9b98-c82d5b662b74,clothing.global,premium,1242.2,51.95,high,low,8,spaceship,,,30/09/2026 20:57
ea75ffa6-948f-44f0-956e-c87ecc4bd007,apparel.insure,available,5.57,60.14,high,low,7,dynadot,,,28/09/2026 21:48
01cbe1dd-7f16-48d6-981a-5cbe5db21ee9,clothing.productions,premium,207.2,207.2,high,low,8,spaceship,,,30/09/2026 20:57
9f69aada-bdb3-42cc-a2e6-ee25ba24134a,apparel.country,available,2064.2,2064.2,high,low,7,spaceship,,,28/09/2026 21:48
bd940868-4ce7-42b6-8fd6-c91587388c4a,designer.black,premium,640,640,high,low,8,namesilo,,,20/09/2026 02:12
73f2946e-af97-4043-8acf-58404d8c4142,fashion.melbourne,available,58,58,high,medium,7,namesilo,,,28/09/2026 16:44
b22ef8ef-afae-46ad-81f0-b1bbaba96264,style.sexy,premium,13000,13000,high,low,5,namecheap,,,08/09/2026 07:22
fd05b017-5835-44e5-b541-87e88bfb168d,style.estate,premium,118.8,118.8,high,low,5,namesilo,,,08/09/2026 07:22
1facb85e-2ecd-4fc6-b820-af9793e158ca,style.live,premium,650,1300,high,low,5,namecheap,,,08/09/2026 07:22
92c589ca-7668-4cd4-be47-424f13d4d089,clothing.haus,available,26.2,26.2,high,low,8,cloudflare,,,30/09/2026 20:57
c3e14eec-8e0b-457f-b2a4-559ab934a1c6,garment.shopping,available,29.98,37.98,high,low,7,namecheap,,,19/09/2026 20:02
fc839e23-5620-48b6-8ac7-3f2c8c3d616d,style.games,resell,,,high,low,5,"Chengdu West Dimension Digital Technology Co., Ltd.",30/01/2026 15:15,30/01/2027 15:15,26/09/2026 09:22
0f811078-7e96-4f61-a24c-74ada0051386,apparel.gratis,available,23.99,23.99,high,low,7,namesilo,,,28/09/2026 21:48
1721fb51-0e93-4a21-92e1-7a80baafdcf5,apparel.garden,premium,96,29.5,high,low,7,namesilo,,,28/09/2026 21:48
798b566e-d3d3-403f-a321-7a516344ac52,apparel.ooo,premium,8349,119.99,high,low,7,namesilo,,,28/09/2026 21:48
053bbd96-1a29-4a06-8c8e-23d20648b373,apparel.wtf,available,28.2,28.2,high,low,7,cloudflare,,,28/09/2026 21:48
52690784-a344-4f5d-bb79-6480c106274d,style.mobi,resell,,,high,low,5,"Sav.com, LLC - 1",19/02/2026 15:15,19/02/2027 15:15,26/09/2026 09:22
187a9323-172d-4d2a-9ea0-c1f834d6f43d,style.osaka,available,,,high,low,5,,,,
8ff0f207-4486-4660-b073-ded299a78074,style.immobilien,available,37.99,37.99,high,low,5,namesilo,,,08/09/2026 07:22
31bc9e83-a834-446b-9b03-c94eb2fbbeb4,clothing.computer,available,18.02,31.41,high,low,8,porkbun,,,30/09/2026 20:57
f2432ffe-2e07-4f94-9e33-c1e8d373859e,style.tax,premium,242,242,high,low,5,namesilo,,,08/09/2026 07:22
190c1e1f-7752-42db-9b90-ffe2e898b22b,apparel.sex,available,52.01,98.35,high,low,7,porkbun,,,28/09/2026 21:48
9c9ae135-0ac3-4dc5-a43f-07f1dd1c9bb0,apparel.engineer,available,38.99,38.99,high,low,7,namesilo,,,28/09/2026 21:48
90ecb93b-9bcb-401d-880a-7268b96bec29,trend.style,resell,78.54,78.54,high,low,5,namesilo,,,27/09/2026 20:56
3bab89d3-a0e4-484c-ba3e-9c942832436b,apparel.new,available,412.2,412.2,high,low,7,spaceship,,,28/09/2026 21:48
d95039e8-d357-4495-93da-9645fa56c29d,fashion.surgery,premium,242,242,high,medium,7,namesilo,,,28/09/2026 16:44
b66acbd7-2fa4-4d66-aee5-223910cfe2cd,clothing.agency,resell,,,high,low,8,"GoDaddy.com, LLC",20/08/2020 20:27,20/08/2027 20:27,30/09/2026 20:57
24bdbc67-7311-4825-a882-b26cea20ac10,apparel.vote,available,33,,high,low,7,unstoppable,,,28/09/2026 21:48
9bdbf04e-103f-4c44-a971-4408ff4f8e11,clothing.fun,premium,1293.95,5175.2,high,low,8,spaceship,,,30/09/2026 20:57
eea8ecde-cd02-4c1e-ad24-8f4a6c7d394d,style.blue,premium,640,640,high,low,5,namesilo,,,08/09/2026 07:22
5b071427-cbba-4830-b55c-2a85e2834eec,fashion.accountant,premium,448,53.92,high,medium,7,namesilo,,,28/09/2026 16:44
59e00388-0abf-44c6-9771-e20085376dc7,clothing.live,resell,,,high,low,8,Squarespace Domains II LLC,29/10/2015 12:39,29/10/2027 12:39,30/09/2026 20:57
d0e794e4-a1e7-4124-a0c2-553bbc9ae683,clothing.delivery,premium,128.7,128.7,high,low,8,namecheap,,,30/09/2026 20:57
c13e0689-19ad-4e5e-a9ca-c5529d216a04,fashion.study,premium,6900,6900,high,medium,7,namesilo,,,28/09/2026 16:44
e4887dc4-afab-4972-9f91-e4381990207c,apparel.rentals,available,6.64,36.6,high,low,7,dynadot,,,28/09/2026 21:48
bddd725a-3c6d-4349-8405-a1eea7aa86cd,style.band,premium,78.54,78.54,high,low,5,namesilo,,,08/09/2026 07:22
68411e5d-add3-44b8-b84b-bc1c9355996a,fashion.schule,available,22.2,22.2,high,medium,7,cloudflare,,,28/09/2026 16:44
bdf2104b-19f1-431f-b993-140c3422f2e0,apparel.site,premium,1562.5,6250,high,low,7,name.com,,,28/09/2026 21:48
ea82f73d-fe8c-4a3d-8ace-b3865ab71a1c,clothing.work,premium,2500.5,13,high,low,8,unstoppable,,,30/09/2026 20:57
9e2c8a47-1f3b-4837-a4d7-f88d6271fe5f,clothing.travel,available,23.98,186.98,high,low,8,namecheap,,,30/09/2026 20:57
74ab2c00-69ad-4d10-8977-be11816b547e,style.date,premium,384,53.92,high,low,5,namesilo,,,08/09/2026 07:22
7577c7e8-240a-4bcb-b6aa-8bce75aac53e,fashion.school,resell,,,high,medium,7,Dynadot Inc,31/05/2015 12:54,31/05/2028 12:54,28/09/2026 16:44
da84e071-2a52-425c-bf1c-9c5a5502e82e,apparel.guitars,available,104.99,114.99,high,low,7,namesilo,,,28/09/2026 21:48
18ac089a-a3a2-4597-ac2f-a1451b06dbcd,fashion.broker,premium,1035.2,1035.2,high,medium,7,spaceship,,,28/09/2026 16:44
cd89fe3e-dde1-4c75-b3d7-8a58c9f169c5,style.vote,available,23.98,119.98,high,low,5,namecheap,,,08/09/2026 07:22
c3723e9d-f38b-4418-b291-d4a0c85b8f63,style.fit,premium,2600,32.5,high,low,5,namecheap,,,08/09/2026 07:22
a565933b-0a26-4ccb-82fc-c783dcb92ea6,style.run,resell,,,high,low,5,Alibaba Cloud Computing Ltd. d/b/a HiChina (www.net.cn),25/01/2017 02:39,25/01/2027 02:39,26/09/2026 09:22
63f776e5-ad26-48a6-bd6c-30b383c7aeb9,clothing.insure,available,58.16,58.16,high,low,8,spaceship,,,30/09/2026 20:57
351a7b6a-9796-4d49-956b-e492ab4daef2,apparel.loans,available,15.73,93.35,high,low,7,spaceship,,,28/09/2026 21:48
6dce369d-1260-4d6d-b587-78d0e9104e08,clothing.broker,available,8.24,29.35,high,low,8,porkbun,,,30/09/2026 20:57
1538348b-6d33-433a-91fb-3e41a74c8a0c,style.gmbh,available,45.99,45.99,high,low,5,namesilo,,,08/09/2026 07:22
605801b9-2aa9-4a97-ba49-d4f12aaa285a,apparel.at,resell,,,high,low,7,eu-iris.at web invest gmbh & co KG ( https://nic.at/registrar/679 ),,,28/09/2026 21:48
78ad5d3f-3ad1-4a2c-9f1a-a6908249e7e5,style.club,resell,,,high,low,5,"GoDaddy.com, LLC",26/07/2016 19:53,25/07/2028 23:59,26/09/2026 09:22
ff53ddb8-92b1-4f4b-8b75-e75ade448ddc,apparel.hiv,available,184.86,184.86,high,low,7,porkbun,,,28/09/2026 21:48
3b722f34-0d47-4733-9b67-6d83b53085f3,clothing.dealer,premium,1604.45,2070.2,high,low,8,spaceship,,,30/09/2026 20:57
f6b08a0f-e98f-4f83-995b-6b9f0d7d6d91,fashion.how,premium,549.2,,high,medium,7,unstoppable,,,28/09/2026 16:44
f0f7dad2-ab49-49e7-a6e2-2435c1d5b182,style.tech,premium,1625,6500,high,low,5,namecheap,,,08/09/2026 07:22
0e26beca-ac28-45ab-829d-256c6d1b9bc9,style.boo,premium,648.7,648.7,high,low,5,namecheap,,,08/09/2026 07:22
f7704283-2a1f-4c6f-8d45-bfd17d53b7e7,fashion.financial,premium,207.2,207.2,high,medium,7,spaceship,,,28/09/2026 16:44
d90a307a-6eb4-4b84-b589-365341b845d8,clothing.cards,premium,218.8,437.19,high,low,8,porkbun,,,30/09/2026 20:57
4f966839-f8b7-4c15-b972-352a048ad934,fashion.eu,resell,,,high,medium,7,Name: D-Cube Resource Website: www.dcube-resource.be,,,28/09/2026 16:44
9453d1be-0a22-47b3-9fe7-9da13850d07c,fashion.courses,premium,5500,5500,high,medium,7,dynadot,,,28/09/2026 16:44
bf911d6d-88f0-45cc-ad7a-e75c43fb81fb,style.forex,available,11.98,133.98,high,low,5,namecheap,,,08/09/2026 07:22
2b2df08c-7439-4bc1-bb1d-910be8760815,apparel.viajes,available,35.18,35.18,high,low,7,spaceship,,,28/09/2026 21:48
95a007ee-e6f2-428f-af6f-b30ba26e41e9,style.construction,available,38.99,38.99,high,low,5,namesilo,,,08/09/2026 07:22
b59fbb81-a2bf-4c0f-93bb-c2899a5fb24d,designer.zone,premium,128.7,128.7,high,low,8,namecheap,,,20/09/2026 02:12
f0ed8999-dad8-4f9d-8320-c870e263c72a,style.best,premium,97.68,97.68,high,low,5,namesilo,,,08/09/2026 07:22
a850715b-9aad-4ec2-a9a2-790472593171,clothing.band,available,16.27,25.9,high,low,8,dynadot,,,30/09/2026 20:57
d469f4c8-d098-4113-9d34-b9d0dfa63a39,style.rest,premium,409.5,585,high,low,5,namecheap,,,08/09/2026 07:22
7128b36c-4c17-4b82-a7a0-e34936bea418,clothing.hosting,available,310.98,437.98,high,low,8,namecheap,,,30/09/2026 20:57
fa756df7-af14-49bf-b3cf-c56fc1eb3755,style.hosting,available,309.99,429.99,high,low,5,namesilo,,,08/09/2026 07:22
4482953b-e3bd-4ea5-a64a-b0d2ba82b93c,garment.black,premium,650,650,high,low,7,namecheap,,,19/09/2026 20:02
76111f87-444d-4c96-94d8-4cad32cdb2b2,fashion.diy,premium,1449.2,2070.2,high,medium,7,spaceship,,,28/09/2026 16:44
b50ceefa-e11a-47b3-8fbb-01fc6f54b1b0,fashion.guitars,available,93.35,103.4,high,medium,7,spaceship,,,28/09/2026 16:44
332f7558-5163-45f3-ac3a-0b424c609463,clothing.top,resell,,,high,low,8,成都西维数码科技有限公司,17/11/2014 16:00,17/11/2026 16:00,30/09/2026 20:57
aa2134fb-04be-484e-ad61-d635b69901aa,apparel.taxi,available,10.99,62.99,high,low,7,namesilo,,,28/09/2026 21:48
b63750eb-b329-49d9-8ecb-67cc717e586d,clothing.study,premium,51.95,51.95,high,low,8,spaceship,,,30/09/2026 20:57
0e8e6fe6-e0c7-42ca-b64b-00a39b5deff7,style.eco,premium,9750,74.75,high,low,5,namecheap,,,08/09/2026 07:22
fa6ff4a9-8282-4e5c-9251-1308db33fc44,clothing.in,resell,,,high,low,8,Hosting Concepts B.V. dba Openprovider,16/02/2005 06:32,16/02/2027 06:32,30/09/2026 20:57
c33376ba-3c87-4112-88a1-3f7c192630f0,apparel.loan,premium,448,53.92,high,low,7,namesilo,,,28/09/2026 21:48
20383518-154d-41ec-a56c-a456ceee3e4c,style.flowers,available,64.99,114.99,high,low,5,namesilo,,,08/09/2026 07:22
79ba9cb0-838e-4afa-b945-706b84f12bd1,fashion.storage,available,465.95,500.2,high,medium,7,spaceship,,,28/09/2026 16:44
e9625970-6f93-4ae1-8c64-77b7d17518df,style.flights,premium,118.8,118.8,high,low,5,namesilo,,,08/09/2026 07:22
ed0c75a6-08ad-487d-ab8c-98683a7a37e3,model.shoes,available,50.2,50.2,high,medium,5,cloudflare,,,02/10/2026 05:51
3a3ea074-a90e-4796-b367-821bd919b4bc,garment.kaufen,available,29.98,33.58,high,low,7,namecheap,,,19/09/2026 20:02
bb99566c-7a98-417f-a6e5-e06c969c1311,apparel.dev,premium,203.52,203.52,high,low,7,namesilo,,,28/09/2026 21:48
ed8c123a-3bb2-4bae-970f-e59eefcc6bf0,apparel.cars,available,1863.2,2064.2,high,low,7,spaceship,,,28/09/2026 21:48
5222746b-e70b-4d75-8dde-39d41de681ed,clothing.coffee,available,10.81,34.5,high,low,8,porkbun,,,30/09/2026 20:57
aa1a4a76-2606-4a3c-a9b4-7432fa86b58d,garment.gg,available,68.98,82.98,high,low,7,namecheap,,,19/09/2026 20:02
a546f1a8-d196-4686-afa1-e47ecedfc3a7,fashion.band,premium,78.54,78.54,high,medium,7,namesilo,,,28/09/2026 16:44
72d2f58e-2109-4f58-a66f-828b169163f9,garment.cool,available,5.98,50.98,high,low,7,namecheap,,,19/09/2026 20:02
565e0025-692d-43f7-9623-9b5e2a442537,style.monster,premium,625,,high,low,5,name.com,,,
35420dfe-545b-41dc-a7c5-ba42b9fd6c73,apparel.gmbh,available,35.2,35.2,high,low,7,cloudflare,,,28/09/2026 21:48
92ce631c-b154-4fd0-95a0-089c45670d85,clothing.you,premium,517.7,517.7,high,low,8,spaceship,,,30/09/2026 20:57
41aa13b3-cb24-478e-a84a-ee2927e13956,apparel.foo,premium,249.2,323.7,high,low,7,unstoppable,,,28/09/2026 21:48
7bf89a05-de1a-49d9-a09b-5b535733551e,clothing.srl,premium,50.6,28.04,high,low,8,dynadot,,,30/09/2026 20:57
639a3e8d-c955-4b90-9dba-7708f11aec58,garment.tattoo,available,2.98,48.98,high,low,7,namecheap,,,19/09/2026 20:02
abcfd9ae-e31c-43ac-beaa-91facb4dc70f,clothing.blue,premium,780,780,high,low,8,namecheap,,,30/09/2026 20:57
bfd90ec3-8d36-4a87-a8b8-13036612bd6a,garment.photos,available,8.98,40.98,high,low,7,namecheap,,,19/09/2026 20:02
c75784fd-029f-4792-8515-b6ba1e8b446e,clothing.gratis,premium,207.2,207.2,high,low,8,spaceship,,,30/09/2026 20:57
e21e6273-13d3-436e-9718-ad180974c306,fashion.cooking,available,26.08,26.08,high,medium,7,spaceship,,,28/09/2026 16:44
bfeb0f67-6172-404e-9bf8-da02d2fb53d4,clothing.dog,available,5.38,51.95,high,low,8,spaceship,,,30/09/2026 20:57
d67abfce-5c79-44bc-ad11-caeb22e6c134,style.doctor,premium,242,242,high,low,5,namesilo,,,08/09/2026 07:22
b712dabf-eed8-476e-9d4f-93703c8813c5,apparel.vet,available,32.2,32.2,high,low,7,cloudflare,,,28/09/2026 21:48
007769b6-2021-460d-a459-6b269c9e3b85,clothing.boston,premium,83,18.83,high,low,8,spaceship,,,30/09/2026 20:57
325584b6-48c1-4c32-b184-db67a698ecac,clothing.courses,available,1.24,31.28,high,low,8,spaceship,,,30/09/2026 20:57
31997795-af9a-4f95-89ac-fc761c09f2c3,style.engineer,available,13.99,,high,low,5,name.com,,,
67556fe5-a1c5-4c71-b6a7-058ffb285e5b,fashion.christmas,available,34.99,34.99,high,medium,7,namesilo,,,28/09/2026 16:44
3287bf6b-3855-4962-b83a-42573f0c3fee,apparel.onl,premium,53.92,116,high,low,7,namesilo,,,28/09/2026 21:48
0c47c5f1-d89a-4453-b62e-a19bf98440c3,clothing.financial,premium,102.67,102.67,high,low,8,spaceship,,,30/09/2026 20:57
93d030cc-efce-47a2-be38-125340a4979b,clothing.lifestyle,premium,1449.2,2070.2,high,low,8,spaceship,,,30/09/2026 20:57
9196c5b9-1a93-4f04-a340-a507808340b3,fabric.skin,premium,2070.2,2070.2,high,low,6,spaceship,,,01/10/2026 21:18
79e155db-73ea-45c5-afdf-7650f2dc1895,outfit.moda,available,10.81,33.47,high,low,6,porkbun,,,27/09/2026 13:44
02d547ee-2e30-4f59-96c4-03acc4643b78,style.tours,available,,,high,low,5,,,,
7c552b72-e16e-4079-bbef-4396e1b81972,clothing.systems,available,18,47.48,high,low,8,unstoppable,,,30/09/2026 20:57
ed98998a-7831-4e7a-93fc-1b78c671dbfe,clothing.tienda,premium,220,220,high,low,8,dynadot,,,30/09/2026 20:57
7f262055-3fba-468a-9b1f-fff8e79738e0,designer.ninja,premium,38.94,38.94,high,low,8,namesilo,,,20/09/2026 02:12
011984fe-00f6-406d-a4af-77ae6ee2b889,clothing.kaufen,available,29.98,33.58,high,low,8,namecheap,,,30/09/2026 20:57
b44e3f17-4348-4746-84cc-d163e6739964,apparel.click,resell,,,high,low,7,"Sav.com, LLC",14/08/2026 15:39,14/08/2027 15:39,28/09/2026 21:48
93a5a77f-e451-4ed3-8b58-141931a2d4db,style.channel,premium,648.7,648.7,high,low,5,namecheap,,,08/09/2026 07:22
f48d070d-ad00-4b70-936f-ef914751b6e6,clothing.pink,premium,517.7,517.7,high,low,8,spaceship,,,30/09/2026 20:57
e040b554-0710-4b2a-8d4c-a47c359e7275,clothing.guitars,available,100.2,100.2,high,low,8,cloudflare,,,30/09/2026 20:57
ba66f7bb-16be-4fde-89ed-23c0401f1902,clothing.soy,premium,81.97,81.97,high,low,8,spaceship,,,30/09/2026 20:57
711491de-1f54-4d49-b59a-687fbc4d9990,fashion.cruises,available,44.71,44.71,high,medium,7,spaceship,,,28/09/2026 16:44
564048dc-6f62-46d6-8927-42c58b7a3789,clothing.vacations,available,5.57,32.21,high,low,8,dynadot,,,30/09/2026 20:57
f03656ff-fdde-412d-892e-d19bd704772e,clothing.claims,available,50.2,50.2,high,low,8,cloudflare,,,30/09/2026 20:57
40dac5c8-fef2-4c5f-8a85-252fdaa06410,apparel.cooking,available,26.08,26.08,high,low,7,spaceship,,,28/09/2026 21:48
73fb7bd8-3db7-4fea-a08c-fd8ad11c9e3e,fashion.guide,premium,414.2,414.2,high,medium,7,spaceship,,,28/09/2026 16:44
4c4899d3-497a-4b8a-b4a0-1e897439d198,fashion.finance,resell,,,high,medium,7,"Sav.com, LLC - 38",28/05/2026 15:15,28/05/2027 15:15,28/09/2026 16:44
7b74e721-49e1-4f6a-8278-0c9d042c26a5,apparel.solar,available,51.95,51.95,high,low,7,spaceship,,,28/09/2026 21:48
d039df2a-4e78-451e-8ec9-3d48e7249e49,apparel.diet,available,100.2,100.2,high,low,7,cloudflare,,,28/09/2026 21:48
b38b45db-2887-4d1d-96a7-44fe3be57028,style.institute,premium,242,242,high,low,5,namesilo,,,08/09/2026 07:22
2dc44cb9-30f2-459b-854e-be00c84d83ba,clothing.equipment,available,10.81,23.17,high,low,8,porkbun,,,30/09/2026 20:57
42302de8-9e28-4722-aea7-612a57f6a8dc,style.travel,available,23.98,186.98,high,low,5,namecheap,,,08/09/2026 07:22
39d88b7d-7945-45b7-b5e2-59faa40ad862,clothing.boo,premium,1034.17,1034.17,high,low,8,spaceship,,,30/09/2026 20:57
8076cd07-b3d4-4254-9aa8-135175c05ab2,apparel.bond,premium,390,780,high,low,7,namecheap,,,28/09/2026 21:48
c49163fb-c504-490e-b782-87ea83ec6505,clothing.now,premium,517.7,517.7,high,low,8,spaceship,,,30/09/2026 20:57
f6f7f132-98be-4749-862e-69fafd1ef381,apparel.ryukyu,available,17.98,22.98,high,low,7,namecheap,,,28/09/2026 21:48
936cbedd-48fc-4d5e-bf46-631dde3723e3,garment.forex,available,11.98,133.98,high,low,7,namecheap,,,19/09/2026 20:02
f3689f98-c6b6-488d-9981-97e5700cd68b,fashion.shiksha,available,11.98,69.98,high,medium,7,namecheap,,,28/09/2026 16:44
9b696102-efdf-460f-b455-5aadc967a12c,clothing.ngo,premium,55.11,27.82,high,low,8,porkbun,,,30/09/2026 20:57
dd3647f8-b488-4160-9bad-57eea8001b71,clothing.video,premium,99.5,118.8,high,low,8,unstoppable,,,30/09/2026 20:57
31fe9009-b0f3-49e4-a8b0-650308a717a4,garment.movie,available,40.98,446.98,high,low,7,namecheap,,,19/09/2026 20:02
e57c70c8-aa1b-46b1-945c-8c9370d26951,clothing.sydney,available,40.12,40.12,high,low,8,porkbun,,,30/09/2026 20:57
355f7257-770a-4282-890e-f4e7617c36cc,clothing.moe,available,13.02,13.05,high,low,8,porkbun,,,30/09/2026 20:57
52090bf8-f773-4088-8931-dbae70f1ba5b,clothing.glass,available,58.16,58.16,high,low,8,spaceship,,,30/09/2026 20:57
09077eb5-4e38-48ce-9bca-8a8b0eead1e9,garment.space,premium,162.5,650,high,low,7,namecheap,,,19/09/2026 20:02
73c29ad9-ff74-4cff-b4bb-872d13157ba4,style.broker,available,11.98,47.98,high,low,5,namecheap,,,08/09/2026 07:22
e09ee577-9925-41db-9338-e5bee8df5d4e,style.courses,available,1.98,50.98,high,low,5,namecheap,,,08/09/2026 07:22
0d4105a8-aba9-4deb-920a-dd6bedea646a,clothing.build,premium,1950,1950,high,low,8,namecheap,,,30/09/2026 20:57
ea221cc6-ccb2-402f-9630-692ef102f1db,apparel.network,resell,7.99,,high,low,7,name.com,,,28/09/2026 21:48
67774c22-871f-4a25-9ab7-572ffdc7eca4,apparel.city,premium,512,512,high,low,7,namesilo,,,28/09/2026 21:48
4ea577be-01c5-48a0-aba5-5e28ead195ba,clothing.management,available,20.9,20.9,high,low,8,spaceship,,,30/09/2026 20:57
9982f47b-dca0-4bd9-9d84-a641c25aa507,apparel.dad,premium,133.72,133.72,high,low,7,spaceship,,,28/09/2026 21:48
4a07bef4-3cf7-41d8-a40a-df70c21c98aa,garment.gmbh,available,47.98,56.98,high,low,7,namecheap,,,19/09/2026 20:02
2f4e894e-a0c9-495c-b666-dd2da3525cae,apparel.recipes,available,6.69,62.31,high,low,7,porkbun,,,28/09/2026 21:48
99b8fd7c-edda-42cd-8e7e-d87ebfc873bf,style.organic,available,17.99,85.99,high,low,5,namesilo,,,08/09/2026 07:22
e64e6a51-cc7d-4214-a30f-1ecddb2faf0e,fashion.navy,available,41.99,41.99,high,medium,7,namesilo,,,28/09/2026 16:44
937367b9-3b92-4ed6-a56d-49add440e445,style.boston,premium,512,21.24,high,low,5,namesilo,,,08/09/2026 07:22
582ef2c2-3c4f-4baa-af82-1539ee5499d0,garment.trading,premium,520,520,high,low,7,namecheap,,,19/09/2026 20:02
98d3d313-df85-4004-b414-9cca6f28c5b6,style.page,premium,638.72,638.72,high,low,5,namesilo,,,08/09/2026 07:22
6054fa24-59cf-4ca7-852e-afcec3743efb,clothing.eco,premium,9750,74.75,high,low,8,namecheap,,,30/09/2026 20:57
a77544a1-7641-4ef2-99b3-38eac9b691f2,style.tires,available,5.99,78.99,high,low,5,namesilo,,,08/09/2026 07:22
72639adb-f9ab-453a-aabc-4c220b4b916b,garment.marketing,available,6.98,53.98,high,low,7,namecheap,,,19/09/2026 20:02
cfe4ca2c-ff92-4c5c-aad7-472f24e370e8,garment.free,available,38.98,44.98,high,low,7,namecheap,,,19/09/2026 20:02
cac03fad-af9f-4ab0-a038-4d400dc6857b,garment.hospital,available,55.98,71.98,high,low,7,namecheap,,,19/09/2026 20:02
bfd5749a-ed4d-40ae-8ba5-51aced0fbbf0,clothing.run,resell,,,high,low,8,"Sav.com, LLC - 13",16/11/2025 15:15,16/11/2026 15:15,30/09/2026 20:57
ef1b74e1-bf63-474b-b844-84e61c0ba4c4,garment.luxury,available,,,high,low,7,,,,19/09/2026 20:02
2cef845d-454a-46a9-b375-c6219d7cc828,style.now,resell,,,high,low,5,Atom.com Domains LLC,27/09/2024 20:08,27/09/2027 20:08,26/09/2026 09:22
c5a40f74-d762-4845-815c-5e9341ef8a3e,garment.bayern,available,,,high,low,7,,,,19/09/2026 20:02
3daa032f-d92d-4797-a47d-6954eb6ac656,apparel.prof,premium,164.77,164.77,high,low,7,spaceship,,,28/09/2026 21:48
dc6fb592-53bd-47b7-abc0-71cf743f8b8f,style.fail,premium,118.8,118.8,high,low,5,namesilo,,,08/09/2026 07:22
2dbfdced-118a-4191-9570-491bef49b05a,apparel.cards,available,31.25,31.25,high,low,7,spaceship,,,28/09/2026 21:48
f62ea8ee-839f-4b5f-91e1-80001b4ff91b,garment.health,available,12.98,107.98,high,low,7,namecheap,,,19/09/2026 20:02
b90cf56e-0e46-41f5-b1a6-42a607eb0f53,garment.boo,available,12.98,16.98,high,low,7,namecheap,,,19/09/2026 20:02
084519cb-7de2-4eb8-b15b-e9cfe468c734,designer.style,resell,,,high,low,8,"Sav.com, LLC",17/08/2026 16:36,17/08/2027 16:36,26/09/2026 05:30
4b9cc068-f051-4245-ab27-334017b06724,fabric.lighting,available,18.2,18.2,high,low,6,cloudflare,,,01/10/2026 21:18
be9f3bb6-20a0-40a4-88e3-af9c889f02e3,fabric.design,premium,2000.5,2070.2,high,low,6,unstoppable,,,01/10/2026 21:18
4a651828-74ff-4e35-bf26-359d7f50ae0d,apparel.wine,available,9.99,59.99,high,low,7,namesilo,,,28/09/2026 21:48
525b67f1-fbc3-47e3-8a6d-15241fb866d1,apparel.fm,premium,2653.35,102,high,low,7,namesilo,,,28/09/2026 21:48
604b814c-71ce-45fb-8685-0f0cb27538fa,clothing.phd,premium,1344.67,1344.67,high,low,8,spaceship,,,30/09/2026 20:57
6c4503c7-2cdc-4316-aaba-ca97fe22bcd5,style.tips,available,,,high,low,5,,,,
99b3fbfc-7921-4e34-abd5-489170cbb5e8,clothing.community,premium,109.53,218.86,high,low,8,porkbun,,,30/09/2026 20:57
4a918fce-246a-4606-b11c-e22ba686fed3,clothing.sarl,available,5.38,5.38,high,low,8,spaceship,,,30/09/2026 20:57
ad9c5172-d3d3-46df-8ea4-84cfa6653dde,apparel.family,premium,128.7,128.7,high,low,7,namecheap,,,28/09/2026 21:48
456df2be-84b0-485d-8ae5-6159d8c9a606,garment.vision,available,47.98,59.98,high,low,7,namecheap,,,19/09/2026 20:02
5a9497cb-bb0d-4f83-b541-2278fac0991a,style.gifts,premium,242,242,high,low,5,namesilo,,,08/09/2026 07:22
6536507b-72d4-450d-9529-5367c4fd5431,apparel.pet,premium,1107,1107,high,low,7,namesilo,,,28/09/2026 21:48
143c4770-ed8d-4042-ba58-1ccedeb2dfc8,garment.business,premium,16.9,16.9,high,low,7,namecheap,,,19/09/2026 20:02
605e0cf1-80f0-470a-8bd2-0bbd24832437,garment.download,available,5.98,9.98,high,low,7,namecheap,,,19/09/2026 20:02
f52793ed-2a0e-44b7-8877-0729e8f465a9,style.studio,resell,,,high,low,5,"GoDaddy.com, LLC",05/02/2024 04:14,05/02/2027 04:14,26/09/2026 09:22
d60c0be2-4e70-46c5-829b-63613088dab4,clothing.diamonds,premium,414.2,414.2,high,low,8,spaceship,,,30/09/2026 20:57
0f04eeb0-db5e-470e-bd12-44867c8f7628,apparel.trade,resell,,,high,low,7,"Spaceship, Inc.",21/11/2020 10:30,21/11/2026 10:30,28/09/2026 21:48
a3036db7-c0da-475b-8540-d361584be973,style.irish,available,,,high,low,5,,,,
000ebb25-f8a4-463d-a02c-e67fc80b1cf6,clothing.autos,available,1.24,13.97,high,low,8,spaceship,,,30/09/2026 20:57
b2209e7c-caae-4850-b82e-8480f7fc308f,apparel.soccer,available,25.99,25.99,high,low,7,namesilo,,,28/09/2026 21:48
2e4d68e9-6fc6-445a-9898-3e161c2975b7,clothing.works,premium,440,440,high,low,8,dynadot,,,30/09/2026 20:57
7adad73a-977e-47e7-9493-d446eca312df,garment.hot,available,52.98,58.98,high,low,7,namecheap,,,19/09/2026 20:02
7ac4a9ee-4f51-498b-978e-5bd022ee9ab9,garment.music,available,47.98,52.48,high,low,7,namecheap,,,19/09/2026 20:02
abccd569-b7c4-4f77-9b44-8d5da5f402a0,style.esq,premium,843.7,843.7,high,low,5,namecheap,,,08/09/2026 07:22
5e5079ce-e54f-43fe-a20d-c2a26f9b20bd,clothing.photo,premium,109.69,109.69,high,low,8,porkbun,,,30/09/2026 20:57
d0b6fe3a-abec-48b3-a0f1-c20ef1ba6ede,clothing.org,resell,,,high,low,8,"GoDaddy.com, LLC",26/04/2000 10:47,26/04/2036 10:47,30/09/2026 20:57
279a7430-fa10-4681-bff1-e5ea00ef8a69,garment.plumbing,available,76.98,89.98,high,low,7,namecheap,,,19/09/2026 20:02
bfe51c22-f59b-4add-ba9b-2168b165ad20,apparel.ltd,premium,,,high,low,7,,,,28/09/2026 21:48
287df027-5f49-43d7-a1fd-717169ae004c,apparel.creditcard,available,144.99,144.99,high,low,7,namesilo,,,28/09/2026 21:48
ed795ddc-e8f7-4452-bc0d-2fe198f66185,garment.barcelona,available,38.98,38.98,high,low,7,namecheap,,,19/09/2026 20:02
3a23bb24-e3f3-4257-858e-9f68bc0eb21c,clothing.university,premium,102.67,102.67,high,low,8,spaceship,,,30/09/2026 20:57
52f5dbc2-3891-4007-bda0-d6cd6d8c0a17,clothing.supply,premium,,,high,low,8,"Spaceship, Inc.",04/05/2021 16:57,04/05/2027 16:57,30/09/2026 20:57
659a8fdd-c524-4a6a-b026-85c92f5a1bca,garment.army,available,17.48,48.98,high,low,7,namecheap,,,19/09/2026 20:02
ca0aa62b-4e95-4f36-b5f2-a1625248cc93,clothing.group,resell,,,high,low,8,"Chengdu West Dimension Digital Technology Co., Ltd.",27/01/2018 16:40,27/01/2027 16:40,30/09/2026 20:57
8d81e80f-3617-46ef-a9ce-c642297234a7,fabric.dealer,premium,1604.45,2070.2,high,low,6,spaceship,,,01/10/2026 21:18
9498ba13-49f8-4980-94de-1dca113da027,designer.online,premium,13800,13800,high,low,8,namesilo,,,20/09/2026 02:12
cd57cbda-7d1b-4f68-a914-acaed0746140,garment.deals,available,40.98,51.98,high,low,7,namecheap,,,19/09/2026 20:02
6d9ab7a8-7ce7-45e7-9f8b-f074dfcbcfa0,clothing.care,premium,99.5,128.7,high,low,8,unstoppable,,,30/09/2026 20:57
97f03f84-5a53-43d2-86eb-22e825027af4,garment.photography,available,6.98,46.48,high,low,7,namecheap,,,19/09/2026 20:02
5a65b5b0-7a3d-41d4-98c1-9beaab73609c,fabric.luxury,available,26,26,high,low,6,spaceship,,,01/10/2026 21:18
c633ca2a-523a-443c-936c-550310ed0d62,clothing.men,premium,10350.2,103.7,high,low,8,spaceship,,,30/09/2026 20:57
f520b603-cee8-4f78-8de6-9595fdfb8660,apparel.you,premium,640,640,high,low,7,namesilo,,,28/09/2026 21:48
4a65d14e-7d58-446e-8ead-11cfb8b8228d,fabric.condos,available,46.78,46.78,high,low,6,spaceship,,,01/10/2026 21:18
28508e81-bf95-4e08-9e38-e98e7b7c3e17,style.cx,resell,,,high,low,5,West263 International Limited,24/12/2015 12:41,24/12/2026 12:41,26/09/2026 09:22
9c440008-f3fb-46e1-a903-1850ff306617,garment.buzz,available,1.98,41.98,high,low,7,namecheap,,,19/09/2026 20:02
0027c837-eb1c-4dbd-9897-740cbe6da4fd,clothing.degree,available,8.24,43.02,high,low,8,dynadot,,,30/09/2026 20:57
9e8cb9d4-b33f-4c32-bc71-63a260f7c782,apparel.blue,premium,78.54,78.54,high,low,7,namesilo,,,28/09/2026 21:48
9bdb1ba7-6b52-4a49-821d-20a07d12c567,clothing.school,available,29.18,29.18,high,low,8,spaceship,,,30/09/2026 20:57
9fc29e03-03e0-403d-8ead-68d8ec3bda89,style.new,available,488.98,601.98,high,low,5,namecheap,,,08/09/2026 07:22
c8a17588-2399-4974-a939-f68a8d9e975b,style.gives,premium,78.54,78.54,high,low,5,namesilo,,,08/09/2026 07:22
250b22f9-9a48-4238-b1c0-3d07fb6d9186,apparel.vodka,available,32.49,32.49,high,low,7,namesilo,,,28/09/2026 21:48
9e4ef342-6620-4070-abc6-36fad9d7930e,apparel.melbourne,available,58,58,high,low,7,namesilo,,,28/09/2026 21:48
812b7944-de3f-48cb-9897-761aa0961ef8,garment.kitchen,available,8.98,83.98,high,low,7,namecheap,,,19/09/2026 20:02
7ab30bf3-c0f7-40df-9548-821b210f1927,garment.enterprises,available,9.48,47.98,high,low,7,namecheap,,,19/09/2026 20:02
b4dd4f2c-a9fa-4d5f-b405-6906803f1425,apparel.fast,premium,640,640,high,low,7,namesilo,,,28/09/2026 21:48
91a29c9a-90f0-4a65-b1ac-c489f8d02a09,apparel.llc,premium,102.67,102.67,high,low,7,spaceship,,,28/09/2026 21:48
a38a02f8-2f1c-49ba-bf7f-92f98d9bbe39,style.rich,available,94.99,1999,high,low,5,namesilo,,,08/09/2026 07:22
b901fd8c-9c66-4381-b680-ebe3347d35e1,fabric.vet,available,43.98,52.98,high,low,6,namecheap,,,01/10/2026 21:18
ecd19062-eacd-485b-bce4-92d9b219b8b6,apparel.date,premium,384,53.92,high,low,7,namesilo,,,28/09/2026 21:48
a4c66970-f3b1-470a-b450-98e2071dfcd3,style.fishing,available,32.49,32.49,high,low,5,namesilo,,,08/09/2026 07:22
95812f9c-df8f-4831-a28d-e3287ac042ea,style.engineering,premium,242,242,high,low,5,namesilo,,,08/09/2026 07:22
0c867173-1df3-42b1-8126-a6e82bbee9a2,apparel.enterprises,available,8.48,28.15,high,low,7,spaceship,,,28/09/2026 21:48
31a5882b-a885-4e0d-9dd4-cc537a22bcab,style.group,resell,,,high,low,5,Alibaba Cloud Computing Ltd. d/b/a HiChina (www.net.cn),24/08/2024 15:15,24/08/2029 15:15,26/09/2026 09:22
3d5a70f5-7aa0-4782-9721-e540e6049be0,shop.moda,premium,854,854,high,medium,4,namesilo,,,24/09/2026 21:43
a88130a4-fb7d-44a7-a7ba-ac0bf85cca1e,clothing.red,premium,500.5,640,high,low,8,unstoppable,,,30/09/2026 20:57
5df986a6-4915-4d52-8916-1ecc66857500,style.living,premium,455,650,high,low,5,namecheap,,,08/09/2026 07:22
e9c5ac71-8277-44e1-be0b-097fde5c70e9,style.holiday,available,64.99,64.99,high,low,5,namesilo,,,08/09/2026 07:22
b446b291-28e3-45e1-8497-3e036715b0d0,apparel.giving,available,6.41,22.39,high,low,7,spaceship,,,28/09/2026 21:48
4117de09-eb63-44f5-be45-ba144a21bff4,clothing.game,available,309.47,340.37,high,low,8,porkbun,,,30/09/2026 20:57
69460447-b2f8-40bf-acd2-1581e0d0d47d,garment.inc,premium,2015,2600,high,low,7,namecheap,,,19/09/2026 20:02
76d7802a-7bb6-491e-91f5-28b0fd6a8134,garment.hosting,available,310.98,437.98,high,low,7,namecheap,,,19/09/2026 20:02
3f0cad40-6bf6-4829-b63d-5dccdda08474,garment.pizza,available,5.98,83.98,high,low,7,namecheap,,,19/09/2026 20:02
06bb8e44-cad2-48cd-82b8-cffcdd14984a,apparel.pizza,available,5.98,83.98,high,low,7,namecheap,,,28/09/2026 21:48
4d9cdd85-c151-4962-946f-6a11929a4c02,fabric.paris,available,66.98,66.98,high,low,6,namecheap,,,01/10/2026 21:18
fd0fa71e-cfce-4822-a959-3e75b3844f93,fabric.catering,available,31.25,31.25,high,low,6,spaceship,,,01/10/2026 21:18
5138d563-e442-4e30-a954-f42b53232847,clothing.business,premium,34.36,34.36,high,low,8,spaceship,,,30/09/2026 20:57
fc5f4958-bea4-40b5-8b10-6e345a9d82f5,style.support,premium,118.8,118.8,high,low,5,namesilo,,,08/09/2026 07:22
2cd1cd79-faad-4c62-ba63-6c1aac3edf19,apparel.space,premium,1107,1107,high,low,7,namesilo,,,28/09/2026 21:48
318765cd-634f-4e8f-a6e7-8c40435ff72b,apparel.tech,premium,1107,1107,high,low,7,namesilo,,,28/09/2026 21:48
8e80c55a-8703-4830-8895-574adc3670f7,garment.adult,available,69.98,166.98,high,low,7,namecheap,,,19/09/2026 20:02
c1427d37-a1e7-49f7-bd24-0635ad004088,fabric.creditcard,available,125.2,125.2,high,low,6,cloudflare,,,01/10/2026 21:18
12a64c5b-921d-4acf-b6b7-71dac4e3738d,clothing.info,resell,,,high,low,8,"Sav.com, LLC - 4",29/09/2022 13:15,29/09/2027 13:15,30/09/2026 20:57
0cd8427e-5820-424d-aa4b-46851c1a48a0,apparel.tennis,available,51.95,51.95,high,low,7,spaceship,,,28/09/2026 21:48
88e25c3e-da21-458a-91b0-be2c1193f31c,designer.tattoo,available,2.98,48.98,high,low,8,namecheap,,,20/09/2026 02:12
62331777-9659-4206-8720-0967ddf90fcf,style.contact,available,13.98,16.78,high,low,5,namecheap,,,08/09/2026 07:22
97f15e74-7e33-40e5-bdf5-d46a3ea8cadc,fabric.horse,available,26.08,26.08,high,low,6,spaceship,,,01/10/2026 21:18
e26e2646-8b57-44e1-9c7c-2c0768a7493c,style.tienda,available,59.99,59.99,high,low,5,namesilo,,,08/09/2026 07:22
0f193781-9b9e-4ab7-822c-ebf2935a48ef,apparel.exposed,available,22.49,22.49,high,low,7,namesilo,,,28/09/2026 21:48
5ef54872-5534-41ca-bc83-b1cf190fef31,clothing.report,premium,207.2,207.2,high,low,8,spaceship,,,30/09/2026 20:57
8ce1d2c3-4f7f-4d6f-9bac-cb36c5c0e460,fabric.berlin,available,79.98,89.98,high,low,6,namecheap,,,01/10/2026 21:18
318e8732-0e56-466c-9a14-949c327f705a,designer.cards,resell,,,high,low,8,"Go China Domains, LLC",18/06/2014 16:00,18/06/2027 16:00,26/09/2026 05:30
8a556c14-ec67-4d13-bed2-86c6820ec7c1,style.auto,available,1999.99,2199,high,low,5,namesilo,,,08/09/2026 07:22
b34e6a95-456a-4c90-b8fb-3fb585a77126,style.shiksha,available,11.98,69.98,high,low,5,namecheap,,,08/09/2026 07:22
9135ffca-0aa8-47aa-9fa5-d80657537955,style.press,premium,1950,3900,high,low,5,namecheap,,,08/09/2026 07:22
27fba989-9b29-4777-a30f-a596887af274,garment.ac,available,28.98,76.98,high,low,7,namecheap,,,19/09/2026 20:02
b57dc559-00ae-4881-a39a-7856fa51e767,garment.viajes,available,43.98,57.98,high,low,7,namecheap,,,19/09/2026 20:02
e7e3eaa4-0406-4f64-ba9d-5b9c2a13d1f9,garment.store,premium,325,1300,high,low,7,namecheap,,,19/09/2026 20:02
cab93083-aa43-410c-9e00-8543e616f47a,fabric.juegos,available,321.22,321.22,high,low,6,dynadot,,,01/10/2026 21:18
7086a35f-f29e-4ca1-bcaf-c694d88f0373,designer.villas,available,62.98,74.98,high,low,8,namecheap,,,20/09/2026 02:12
ca047571-6d55-44e7-bd2d-47450d332a5a,clothing.kim,available,5.38,18.83,high,low,8,spaceship,,,30/09/2026 20:57
3c9d7cef-afed-43be-8994-7e34a0e44294,clothing.associates,premium,102.67,102.67,high,low,8,spaceship,,,30/09/2026 20:57
dd4045d0-74bf-4a6a-a42e-1e208a830db9,garment.motorcycles,available,1.8,21.98,high,low,7,namecheap,,,19/09/2026 20:02
03e60e4a-c9a9-4837-ab94-00ea3832a46b,style.pro,resell,,,high,low,5,"Spaceship, Inc.",06/05/2023 15:15,06/05/2027 15:15,26/09/2026 09:22
3aee6be3-b415-4d85-b7a2-5c1293771303,style.football,available,25.99,25.99,high,low,5,namesilo,,,08/09/2026 07:22
818a87f5-455e-496b-8174-7619a8d93fcc,fabric.doctor,premium,220,220,high,low,6,dynadot,,,01/10/2026 21:18
0b4f5662-c3d2-493a-81a9-46e3a5125086,apparel.protection,available,2000.2,2000.2,high,low,7,cloudflare,,,28/09/2026 21:48
76e645c2-7aee-4752-9ff0-9aec25c07781,designer.fun,premium,6900,6900,high,low,8,namesilo,,,20/09/2026 02:12
4347f7eb-ee79-4b65-aa83-d156c9321019,fabric.republican,available,25.2,25.2,high,low,6,cloudflare,,,01/10/2026 21:18
d750008a-b0ed-46a9-b539-ac8f050fb197,fabric.ing,premium,1690,1690,high,low,6,namecheap,,,01/10/2026 21:18
3ddf93fd-67ca-4f2d-bee1-2c00453a9023,designer.ink,premium,302.5,302.5,high,low,8,namesilo,,,20/09/2026 02:12
6800ac62-e6ea-4e14-83ce-541eafd55a17,apparel.bio,premium,118.8,118.8,high,low,7,namesilo,,,28/09/2026 21:48
ff3a4097-3e22-4c58-a9be-739c7da6cd44,clothing.sexy,available,2587.7,2587.7,high,low,8,spaceship,,,30/09/2026 20:57
5881de93-8695-4f93-a78d-5867f60dd5d7,attire.luxe,available,19.49,19.49,high,low,6,namesilo,,,21/09/2026 01:52
3e52bd3a-ad0f-4f55-abf6-080b6b719af0,clothing.wine,available,7.45,47.81,high,low,8,spaceship,,,30/09/2026 20:57
6fd08fc0-09c5-4b6d-933e-5234f461fa68,clothing.hot,premium,1000.5,1092.18,high,low,8,unstoppable,,,30/09/2026 20:57
e77bae35-b451-4732-973e-8476a35fc06b,garment.pics,available,1.8,40.98,high,low,7,namecheap,,,19/09/2026 20:02
fb7fd280-e05f-48ca-a55d-9062c6fde549,fabric.fyi,resell,,,high,low,6,"GoDaddy.com, LLC",12/07/2026 01:48,12/07/2027 01:48,01/10/2026 21:18
6fcf0ec0-738a-417c-a050-b530596b83f3,clothing.lease,premium,102.67,102.67,high,low,8,spaceship,,,30/09/2026 20:57
9fb2f146-69b8-4c1e-b221-8100c52505b3,clothing.surgery,premium,128.7,128.7,high,low,8,namecheap,,,30/09/2026 20:57
3723cf9e-29a6-4df5-9966-008302016a6a,designer.moda,premium,1040,1040,high,low,8,namecheap,,,20/09/2026 02:12
b19086a6-672c-414c-b64a-35e68dbbda4e,designer.discount,premium,128.7,128.7,high,low,8,namecheap,,,20/09/2026 02:12
26e6e3f7-0f35-4ebb-a9cf-235c15f6785b,apparel.contact,available,11.2,11.2,high,low,7,cloudflare,,,28/09/2026 21:48
f91b2002-3ad0-4168-9b5c-47d3aa2d6776,clothing.charity,available,11.99,23.01,high,low,8,dynadot,,,30/09/2026 20:57
ffa51dbd-8fdf-4cc4-bb5a-26530a644fef,clothing.space,premium,13800,13800,high,low,8,namesilo,,,30/09/2026 20:57
f1b058a9-e5b2-4ae6-8618-418d9b9a71f2,apparel.surf,premium,520,32.5,high,low,7,namecheap,,,28/09/2026 21:48
2d39c98b-a4a0-4d24-8447-c8a033ae78b1,garment.ngo,available,18.98,24.98,high,low,7,namecheap,,,19/09/2026 20:02
46ac7a11-3414-4424-9578-b7d42ec6613e,garment.soccer,available,27.48,29.48,high,low,7,namecheap,,,19/09/2026 20:02
ec5f6078-1bad-429b-a3d8-7aa579d4030c,garment.money,available,11.98,38.98,high,low,7,namecheap,,,19/09/2026 20:02
f14fca03-94f4-44da-9b7c-fa062a5e1fae,fabric.bio,resell,,,high,low,6,"Sav.com, LLC - 46",07/05/2026 15:16,07/05/2027 15:16,01/10/2026 21:18
b30bba23-0373-4396-95d6-b0c32a3ac9be,apparel.dental,available,62.3,62.3,high,low,7,spaceship,,,28/09/2026 21:48
f2e4caa7-e80f-4189-b2c6-91f767729585,style.top,resell,,,high,low,5,成都西维数码科技有限公司,07/11/2016 03:25,07/11/2035 03:25,26/09/2026 09:22
ec6486ad-567f-44b1-8541-404e6b65e9ee,apparel.design,premium,325,325,high,low,7,namecheap,,,28/09/2026 21:48
7620f112-a8f8-4bf1-b8e6-7639a665ed2c,designer.furniture,premium,260,260,high,low,8,namecheap,,,20/09/2026 02:12
58158882-9a04-4291-8f2c-df76a65c1c42,fabric.christmas,premium,1928.06,1928.06,high,low,6,porkbun,,,01/10/2026 21:18
7ac21cc9-3f13-4efd-b441-de511f2e66ca,clothing.college,premium,546.35,546.35,high,low,8,porkbun,,,30/09/2026 20:57
3a38e7e4-52da-4b26-b455-f099ccfb419c,clothing.energy,available,5.38,93.35,high,low,8,spaceship,,,30/09/2026 20:57
118c0021-f44a-487b-ae1d-a7a0047b87a0,apparel.vegas,available,15.96,43.39,high,low,7,porkbun,,,28/09/2026 21:48
f1664947-5531-45b6-89db-90daac21292e,style.exchange,premium,78.54,78.54,high,low,5,namesilo,,,08/09/2026 07:22
781a79f7-cf3a-4882-a8b2-86a73dad91a6,clothing.date,premium,517.7,258.95,high,low,8,spaceship,,,30/09/2026 20:57
f4dc2c21-f28a-4596-abae-0312749a6a40,garment.poker,available,5.98,85.98,high,low,7,namecheap,,,19/09/2026 20:02
97418fcc-4e93-4e26-a910-f7aa67eefefa,apparel.reisen,available,16.2,16.2,high,low,7,cloudflare,,,28/09/2026 21:48
c9ded176-5ac9-459b-a7bc-018b82b46b5d,style.baby,premium,625,,high,low,5,name.com,,,
cd9b3e5b-f00c-4788-b158-159673cf2431,style.zip,premium,648.7,648.7,high,low,5,namecheap,,,08/09/2026 07:22
4864e462-a620-42fe-957f-719e9f43e498,garment.observer,premium,13,13,high,low,7,namecheap,,,19/09/2026 20:02
002bad6e-488a-42bc-bae9-473e58158717,clothing.jetzt,available,24.48,30.48,high,low,8,namecheap,,,30/09/2026 20:57
4bab0394-fd53-4ee7-98a9-a5428821a97e,style.cars,available,1999.99,2199,high,low,5,namesilo,,,08/09/2026 07:22
16dae63b-56ab-469f-9ab6-19c8e108b881,fabric.racing,premium,103.7,103.7,high,low,6,spaceship,,,01/10/2026 21:18
ed2e825c-c3e0-40ad-8136-c2618f0a474e,designer.apartments,available,57.99,57.99,high,low,8,namesilo,,,20/09/2026 02:12
369c25e1-35fb-46ed-adb7-2c0b711f0a98,apparel.ventures,available,5.38,47.81,high,low,7,spaceship,,,28/09/2026 21:48
c3540aed-0d5e-4776-82e0-cba93a8a67af,style.bio,resell,,,high,low,5,"Global Domains International, Inc. DBA DomainCostClub.com",11/07/2026 15:15,11/07/2027 15:15,26/09/2026 09:22
b9c7680e-a0fc-4990-803a-000d7a428fdb,garment.group,resell,,,high,low,7,Alibaba Cloud Computing Ltd. d/b/a HiChina (www.net.cn),04/09/2026 03:07,04/09/2027 03:07,26/09/2026 06:19
1a6b4fbf-2f3d-4017-8dd8-db30f1704965,clothing.hair,available,1.24,13.97,high,low,8,spaceship,,,30/09/2026 20:57
b51fc985-8ae8-4907-83be-c426d0c32e6a,apparel.menu,available,27.99,27.99,high,low,7,namesilo,,,28/09/2026 21:48
c7f53dcf-016e-4383-9b17-331f670df9ab,outfit.black,premium,550,550,high,low,6,dynadot,,,27/09/2026 13:44
65e732ff-3559-4241-bcfb-0bc043a8c267,apparel.credit,available,8.48,83,high,low,7,spaceship,,,28/09/2026 21:48
b4f30e2c-a010-4377-84f1-7c14e1658b3d,clothing.deals,premium,207.2,207.2,high,low,8,spaceship,,,30/09/2026 20:57
626b5a93-ca79-441b-8413-f0cb66454ab9,garment.ink,available,2.98,43.98,high,low,7,namecheap,,,19/09/2026 20:02
00effdae-95ab-4e13-9e74-31a0dfd021d2,garment.care,premium,21.45,42.9,high,low,7,namecheap,,,19/09/2026 20:02
32bff35d-99cb-4673-9b4f-4375a50956c7,style.airforce,available,103.99,103.99,high,low,5,namesilo,,,08/09/2026 07:22
f0dba97f-7ef2-4c32-a45f-21f24f61f149,clothing.news,resell,,,high,low,8,Porkbun LLC,27/05/2026 16:54,27/05/2027 16:54,30/09/2026 20:57
f526017a-af19-4bfb-a5b4-cc60fba6a070,clothing.coupons,premium,207.2,207.2,high,low,8,spaceship,,,30/09/2026 20:57
7f1184dc-68eb-4333-93e3-9b6898e03602,apparel.tires,available,5.99,78.99,high,low,7,namesilo,,,28/09/2026 21:48
d902f02a-7eb8-4cc5-985b-22b94bdeba4f,clothing.cash,premium,207.2,207.2,high,low,8,spaceship,,,30/09/2026 20:57
f81c8fe2-1090-451a-aed4-22a7071bbd9e,garment.fashion,premium,104,32.5,high,low,7,namecheap,,,19/09/2026 20:02
0daa34ee-061d-4bc1-ae41-e6b4b2d94f88,clothing.page,premium,1034.17,1034.17,high,low,8,spaceship,,,30/09/2026 20:57
7b4a470f-46e7-4f08-8740-3dd68b74a448,clothing.site,premium,,,high,low,8,,,,30/09/2026 20:57
be694f76-d318-4163-bea8-9f79d238b369,apparel.computer,available,30.2,30.2,high,low,7,cloudflare,,,28/09/2026 21:48
297f36be-45c5-4917-8706-482ace8ee1dc,fabric.organic,available,10.81,68.49,high,low,6,porkbun,,,01/10/2026 21:18
a662d3e6-39f1-4e76-9edb-2e17f875872e,apparel.theatre,available,509.99,529.99,high,low,7,namesilo,,,28/09/2026 21:48
0b859c5d-80ee-40d2-892d-c3b1a41ba06b,attire.luxury,available,,,high,low,6,,,,21/09/2026 01:52
23353325-88f1-41ff-9308-364e5a384f34,garment.mobile,available,22.98,26.98,high,low,7,namecheap,,,19/09/2026 20:02
6c885dcd-8ffb-40be-9dd3-141ed92a0f31,garment.maison,available,60.98,69.98,high,low,7,namecheap,,,19/09/2026 20:02
333b7691-898d-4e6b-b9f2-0f5333fd5806,garment.games,available,11.98,42.98,high,low,7,namecheap,,,19/09/2026 20:02
08d2218f-dacd-4ee8-847c-167dbf648515,apparel.rest,available,25.2,25.2,high,low,7,cloudflare,,,28/09/2026 21:48
265868a0-da14-4378-8302-513449352e17,clothing.careers,premium,512,512,high,low,8,namesilo,,,30/09/2026 20:57
b2859f70-7e8a-4ede-9671-5cdb543fa819,designer.broker,available,11.98,47.98,high,low,8,namecheap,,,20/09/2026 02:12
df7ae2fa-845c-4db6-80ac-8e8bdc89707a,clothing.recipes,available,60.2,60.2,high,low,8,cloudflare,,,30/09/2026 20:57
63eda9d9-dc9e-4234-9b2b-38234dd86d4e,designer.security,available,2070,2950,high,low,8,namecheap,,,20/09/2026 02:12
123d913e-91ab-40c2-b9e6-c136bcf8df44,clothing.fish,premium,128.7,128.7,high,low,8,namecheap,,,30/09/2026 20:57
f609f5c0-9bf6-40df-8dbc-6496e37f0330,designer.trade,premium,1107,116,high,low,8,namesilo,,,20/09/2026 02:12
60ace688-ba11-4102-8b58-52cb7a5a9204,clothing.attorney,available,49.88,49.88,high,low,8,spaceship,,,30/09/2026 20:57
748a1b65-caa6-4688-a1d7-13487f4fb453,clothing.training,available,8.98,53.98,high,low,8,namecheap,,,30/09/2026 20:57
d5d04c1c-e08f-48c4-bd14-40b0cbf5d764,style.luxe,premium,854,17.7,high,low,5,namesilo,,,08/09/2026 07:22
0e02f74e-e59f-478d-b9f7-209a57565eb7,designer.technology,resell,,,high,low,8,"Spaceship, Inc.",23/02/2026 08:57,23/02/2027 08:57,26/09/2026 05:30
03bd4265-0b4a-43f8-86ef-b3bc308bc9c3,fabric.sbs,premium,310.7,621.2,high,low,6,spaceship,,,01/10/2026 21:18
710a03e3-bd35-4db4-9680-b96099f59986,fabric.repair,available,12,36.99,high,low,6,unstoppable,,,01/10/2026 21:18
ac51b52e-b4fc-4fa4-aa04-5d5e6ec0c2ed,garment.ong,available,18.98,24.98,high,low,7,namecheap,,,19/09/2026 20:02
b17587e9-a1e6-4208-85ba-ae6d22651861,fabric.flowers,available,103.5,103.5,high,low,6,porkbun,,,01/10/2026 21:18
c8881e26-9577-4381-9ab4-975d3568c284,fabric.sydney,available,40.12,40.12,high,low,6,porkbun,,,01/10/2026 21:18
9cc4c93f-5262-4213-99c0-55a73c306e59,apparel.jewelry,available,64.99,64.99,high,low,7,namesilo,,,28/09/2026 21:48
1533aee3-80f8-40f2-9b54-a883565eaf5c,apparel.financial,available,23.99,58.99,high,low,7,namesilo,,,28/09/2026 21:48
949da0c9-3c9c-4c0b-b7f8-04f01879e78c,fabric.kim,available,18.2,18.2,high,low,6,cloudflare,,,01/10/2026 21:18
eba7d28a-7763-4954-a9d9-3f8005a13639,clothing.bayern,available,34.26,34.26,high,low,8,dynadot,,,30/09/2026 20:57
60731bf2-2a52-46dc-9d55-8d6663207110,garment.name,available,8.98,9.98,high,low,7,namecheap,,,19/09/2026 20:02
4e51acfc-db7c-4100-8443-51ef184f35b1,garment.meme,premium,117,117,high,low,7,namecheap,,,19/09/2026 20:02
410a5947-4128-493d-ba0d-f99fd8c746eb,fabric.tube,available,25.98,33.98,high,low,6,namecheap,,,01/10/2026 21:18
fdf609c1-0995-4e0d-844c-096a647eac04,clothing.pub,available,42.98,51.98,high,low,8,namecheap,,,30/09/2026 20:57
6c08ae6d-022c-4e20-b0ff-d911a633b514,style.blog,premium,3250,13000,high,low,5,namecheap,,,08/09/2026 07:22
91bc6516-0ad4-4d2c-b051-a772e8a7fa48,designer.mobile,premium,5200,5200,high,low,8,namecheap,,,20/09/2026 02:12
645c3840-ffe5-4507-87da-c91ba835fd1a,designer.deals,resell,,,high,low,8,Dynadot Inc,01/10/2014 16:00,01/10/2027 16:00,26/09/2026 05:30
4a81544b-74a7-47d4-a81c-13a45f87db66,style.democrat,available,5.98,41.48,high,low,5,namecheap,,,08/09/2026 07:22
7cb251c8-0101-4591-b7fb-591d2142de79,style.zone,resell,,,high,low,5,"Sav.com, LLC",28/09/2025 17:11,28/09/2027 17:11,29/09/2026 04:41
4268a6b9-5260-4454-8486-3ce2c8aa6b31,apparel.lease,available,8.24,46.23,high,low,7,dynadot,,,28/09/2026 21:48
1e68d372-d8ee-49de-b337-8d91643a80df,fabric.page,premium,249.2,257.92,high,low,6,unstoppable,,,01/10/2026 21:18
34bbf5c8-8be9-4854-a8ed-9a15511ff00d,designer.day,premium,648.7,648.7,high,low,8,namecheap,,,20/09/2026 02:12
a75cc65c-43f7-4629-a677-31647fdfb137,style.dating,premium,118.8,118.8,high,low,5,namesilo,,,08/09/2026 07:22
757c9b61-1c1e-4d59-b091-3a1bb950665b,garment.bar,available,2.8,81.98,high,low,7,namecheap,,,19/09/2026 20:02
cda8a49d-f742-4dd6-b733-87f726ff772c,designer.country,available,2298,2450,high,low,8,namecheap,,,20/09/2026 02:12
ca4611b3-a3bf-434b-ab5d-97c30044fd45,clothing.holdings,available,51.95,51.95,high,low,8,spaceship,,,30/09/2026 20:57
bce86614-8cb9-4cc6-9f77-55a975ccd98b,garment.cab,available,33.98,41.98,high,low,7,namecheap,,,19/09/2026 20:02
ca89397d-f834-4a58-ab68-9462efacdeec,apparel.degree,available,40.2,40.2,high,low,7,cloudflare,,,28/09/2026 21:48
86c18237-5993-4e22-9e30-d9e7d5629e61,clothing.rsvp,premium,1298.7,1298.7,high,low,8,namecheap,,,30/09/2026 20:57
35026136-f1d3-42fd-8108-7accfa316004,garment.bingo,available,51.98,68.98,high,low,7,namecheap,,,19/09/2026 20:02
da4b6a81-d371-4818-895f-5e8164b151f4,style.show,resell,,,high,low,5,"DNSPod, Inc.",14/10/2020 08:15,14/10/2030 08:15,26/09/2026 09:22
e38dd690-a4b1-4192-b29e-ef22685861b4,clothing.bar,premium,652.25,931.7,high,low,8,spaceship,,,30/09/2026 20:57
4d2d6188-6d24-41bc-8dea-1d28df1873c9,garment.foundation,available,7.48,37.98,high,low,7,namecheap,,,19/09/2026 20:02
1da9f00e-b8c8-47d4-ac36-d65b9bea65c8,garment.archi,available,14.98,132.98,high,low,7,namecheap,,,19/09/2026 20:02
8de76c18-973c-4333-ab68-2ef8109ad738,garment.icu,premium,195,390,high,low,7,namecheap,,,19/09/2026 20:02
b1e39d0f-2cf5-498d-aade-da54eca6db2f,garment.zip,premium,76.7,76.7,high,low,7,namecheap,,,19/09/2026 20:02
3ec4fe90-e3da-4346-b1dc-5bb54a38eea5,designer.racing,premium,116,116,high,low,8,namesilo,,,20/09/2026 02:12
d38588c2-fb29-4ec9-9f82-24723dd53b81,fabric.green,available,6.69,64.37,high,low,6,porkbun,,,01/10/2026 21:18
0733a2d8-ad4a-4a93-be5d-2b10d993f4a5,apparel.guide,available,32.2,32.2,high,low,7,cloudflare,,,28/09/2026 21:48
62a3afb9-0a49-4096-8721-ff2d42e8a321,clothing.reviews,premium,828.2,828.2,high,low,8,spaceship,,,30/09/2026 20:57
c1cf6118-6d46-4189-be4f-a2018b87d8a3,clothing.ski,premium,828.2,828.2,high,low,8,spaceship,,,30/09/2026 20:57
fe6cebdc-dcad-45d5-a79b-10030568d3f2,style.condos,premium,242,242,high,low,5,namesilo,,,08/09/2026 07:22
35d8d97f-d79b-45b8-96e2-7233017ed460,fabric.insure,available,56.2,56.2,high,low,6,cloudflare,,,01/10/2026 21:18
925a688c-18d5-4856-a881-6491f953d467,apparel.forex,available,10.55,83,high,low,7,spaceship,,,28/09/2026 21:48